#,Keyword,Country,Difficulty,Volume,CPC,CPS,Parent Keyword,Last Update,SERP Features,Global volume,Traffic potential,Global traffic potential,First seen,Intents,Languages,SV trend (09-2024 - 08-2026),SV Forecasting trend (09-2026 - 09-2027),Category
1,veterinary doctor,pk,0,1500,0.03,0.23,veterinary doctor,2026-08-27 02:18:02,"Local pack,People also ask,Video preview",26000,100,5900,2015-09-02,"Informational,Commercial,Non-branded,Local",English,"2181, 1845, 1774, 1761, 1794, 1448, 1468, 1788, 2171, 2484, 1837, 1781, 1689, 1685, 1303, 1235, 1446, 1154, 1355, 1539, 1797, 2082, 1556, 1624","1583, 1372, 1136, 1195, 1401, 1099, 1286, 1525, 1787, 2071, 1500, 1582, 1549",Veterinarians
2,veterinary doctor near me,pk,0,500,0.05,,animal hospital near me,2026-09-08 13:56:06,"Local pack,People also ask,Thumbnail,Video preview",11000,0,0,2020-01-11,"Informational,Commercial,Transactional,Non-branded,Local",English,"607, 500, 505, 510, 513, 608, 712, 616, 789, 325, 576, 586, 482, 450, 461, 442, 444, 453, 458, 587, 541, 531, 610, 541","512, 501, 481, 475, 479, 484, 506, 519, 544, 534, 613, 544, 515",Veterinarians
3,animal doctor called,pk,4,300,0.07,0.17,veterinary doctor,2026-09-13 02:04:16,"AI Overview,Thumbnail,People also ask,Sitelinks,Video preview,Image pack",1600,90,9300,2015-09-03,"Informational,Non-branded,Non-local",English,"529, 455, 436, 449, 528, 429, 435, 430, 547, 483, 378, 296, 310, 397, 379, 272, 300, 288, 288, 292, 304, 319, 311, 304","290, 270, 262, 250, 264, 248, 251, 253, 268, 281, 276, 268, 255",Veterinarians
4,animal doctor,pk,0,300,0.02,0.18,vet doctor near me,2026-09-05 09:02:40,"AI Overview,Thumbnail,Local pack,People also ask,Image pack,Video preview",7100,150,150,2015-11-05,"Informational,Commercial,Non-branded,Local",English,"304, 304, 230, 228, 231, 204, 281, 293, 336, 488, 294, 358, 405, 297, 199, 207, 254, 243, 297, 306, 339, 462, 319, 347","341, 257, 195, 223, 262, 243, 287, 299, 339, 465, 320, 330, 325",Veterinarians
5,free animal hospital in lahore,pk,0,200,0.05,,pet clinic near me,2026-07-27 14:49:32,"Local pack,People also ask",200,1700,1700,2020-07-25,"Informational,Commercial,Non-branded,Local",English,"168, 154, 132, 149, 136, 163, 152, 183, 218, 181, 208, 266, 184, 158, 181, 154, 171, 166, 191, 242, 378, 222, 233, 97",175,Veterinarians
6,animal hospital lahore,pk,4,150,0.06,,round lake animal hospital,2026-08-01 18:55:42,"Local pack,People also ask",150,1000,1000,2015-09-23,"Informational,Commercial,Non-branded,Local",English,"190, 119, 119, 97, 145, 139, 179, 154, 164, 154, 156, 159, 127, 99, 124, 124, 131, 130, 135, 141, 132, 139, 171, 146","139, 122, 130, 123, 133, 131, 137, 142, 133, 141, 172, 147, 141",Veterinarians
7,round lake animal hospital lahore,pk,0,150,0.15,,pet clinic near me,2026-08-14 16:50:06,"Sitelinks,Video preview,People also ask",150,900,900,2022-11-23,"Informational,Navigational,Commercial,Transactional,Branded,Local",English,"90, 170, 138, 250, 194, 97, 168, 232, 199, 165, 223, 196, 182, 121, 162, 169, 260, 153, 104, 134, 129, 150, 119, 9",89,Veterinarians
8,animal doctor near me,pk,6,70,0.06,,pet clinic near me,2026-08-04 18:38:51,"Local pack,People also ask",3100,1700,1700,2019-08-16,"Informational,Commercial,Non-branded,Local",English,"63, 51, 52, 52, 64, 44, 64, 72, 145, 174, 323, 62, 51, 39, 40, 39, 40, 40, 48, 60, 75, 158, 138, 73","79, 67, 65, 68, 67, 64, 67, 70, 78, 161, 141, 76, 82",Veterinarians
9,veterinary clinic lahore,pk,,50,,,,,,60,,,2019-10-13,,,"18, 24, 19, 18, 45, 18, 28, 40, 26, 22, 45, 51, 36, 9, 76, 55, 60, 46, 66, 70, 59, 60, 75, 40",56,
10,animal doctor name,pk,0,50,,,veterinary doctor in karachi,2026-08-17 08:52:53,"People also ask,Image pack,Video preview",600,10,10,2016-05-14,"Informational,Commercial,Transactional,Non-branded,Local",English,"83, 58, 51, 50, 63, 37, 43, 3, 2, 11, 48, 24, 24, 33, 28, 28, 22, 36, 30, 66, 105, 65, 101, 92",87,Veterinarians
11,lahore animal hospital,pk,,50,,,,,,50,,,2015-09-03,,,"61, 82, 52, 46, 89, 73, 72, 64, 77, 45, 77, 56, 51, 32, 42, 44, 46, 60, 28, 72, 76, 27, 29, 29",28,
12,animal doctor is called,pk,,50,0.10,,,,,2200,,,2015-10-02,"Informational,Non-branded,Non-local",English,"65, 64, 56, 66, 69, 43, 50, 37, 62, 72, 70, 29, 48, 62, 23, 3, 4, 32, 37, 69, 86, 77, 100, 69",77,Veterinarians
13,doctor of veterinary medicine,pk,5,40,0.04,0.37,dvm,2026-07-30 07:02:33,"People also ask,Video preview",1600,200,200,2015-11-16,"Informational,Non-branded,Non-local",English,"78, 57, 35, 42, 48, 43, 37, 47, 59, 76, 68, 76, 65, 61, 41, 39, 39, 32, 29, 25, 27, 33, 58, 68","70, 44, 31, 28, 28, 21, 18, 14, 17, 22, 47, 57, 59",Universities
14,animal doctor helpline number pakistan,pk,,40,,,,,,40,,,2021-07-10,,,"1, 0, 10, 10, 1, 3, 22, 40, 129, 87, 57, 46, 34, 46, 45, 47, 23, 54, 39, 47, 62, 16, 7, 2",9,
15,best vet in lahore,pk,4,40,0.05,,best vet in lahore,2026-08-11 16:00:24,"Local pack,People also ask,Discussions",40,30,30,2016-11-01,"Informational,Commercial,Non-branded,Local",English,"62, 74, 42, 43, 68, 35, 65, 60, 50, 42, 62, 63, 30, 31, 35, 39, 41, 37, 40, 45, 42, 46, 47, 29",42,Veterinarians
16,dog bite vaccination center jail road lahore,pk,,40,,,,,,40,,,2025-06-27,,,"0, 0, 0, 0, 0, 0, 0, 0, 0, 6, 39, 35, 53, 43, 31, 22, 53, 35, 33, 17, 27, 42, 34, 25",32,
17,veterinary doctor lahore,pk,,40,0.07,,,,,40,,,2016-03-02,"Informational,Commercial,Non-branded,Local",English,"30, 36, 31, 36, 37, 38, 52, 41, 75, 63, 43, 42, 21, 23, 24, 20, 28, 41, 26, 38, 110, 30, 32, 22",28,Veterinarians
18,animal doctor degree name,pk,,30,,,,,,300,,,2017-02-27,,,"126, 90, 61, 68, 36, 60, 42, 52, 78, 44, 92, 123, 88, 74, 21, 16, 23, 27, 22, 13, 44, 32, 25, 23",26,
19,veterinary doctor means,pk,,30,,,,,,300,,,2019-08-25,,,"15, 45, 44, 49, 77, 44, 44, 39, 53, 56, 56, 64, 21, 39, 23, 2, 8, 23, 19, 39, 58, 58, 47, 24",41,
20,what is animal doctor called,pk,,30,,,,,,350,,,2016-03-31,,,"61, 49, 39, 36, 53, 39, 40, 2, 7, 14, 32, 20, 38, 30, 17, 1, 5, 28, 41, 41, 36, 26, 34, 23",27,
21,best veterinary doctor near me,pk,,30,,,,,,500,,,2020-03-18,,,"20, 24, 19, 9, 22, 25, 23, 23, 30, 28, 29, 33, 21, 22, 31, 19, 20, 23, 23, 32, 74, 60, 50, 17",43,
22,animal hospital lahore contact number,pk,,30,,,,,,30,,,2021-03-26,,,"16, 19, 10, 22, 31, 26, 34, 43, 34, 31, 44, 22, 54, 28, 14, 18, 20, 19, 43, 26, 53, 21, 42, 19",27,
23,veterinary doctor jobs in saudi arabia,pk,0,30,0.02,,veterinary jobs in saudi arabia,2026-08-01 01:12:25,"People also ask,Sitelinks",40,30,30,2016-01-02,"Informational,Transactional,Non-branded,Non-local",English,"51, 20, 13, 34, 15, 12, 28, 28, 10, 37, 25, 29, 88, 73, 17, 19, 6, 14, 12, 5, 6, 34, 35, 4",24,Job
24,veterinary doctor salary,pk,,30,,,,,,4300,,,2015-10-10,,,"114, 87, 71, 48, 51, 57, 36, 43, 56, 65, 70, 53, 52, 28, 16, 35, 43, 21, 23, 23, 22, 28, 17, 36",28,
25,animal hospital in lahore,pk,,30,,,,,,30,,,2015-12-17,"Informational,Commercial,Non-branded,Local",English,"18, 36, 16, 28, 25, 13, 15, 26, 84, 31, 21, 35, 34, 25, 28, 38, 15, 15, 21, 30, 28, 29, 21, 15",22,Veterinarians
26,veterinary doctor salary in pakistan,pk,0,20,,,veterinary doctor salary in pakistan,2026-08-06 16:10:02,"AI Overview,People also ask,Sitelinks",30,10,10,2015-09-12,"Informational,Non-branded,Non-local",English,"50, 32, 22, 22, 38, 30, 19, 30, 28, 15, 9, 23, 40, 32, 37, 40, 32, 22, 10, 25, 21, 5, 11, 3",7,Planning
27,veterinary doctor visiting card,pk,,20,,,,,,150,,,2015-12-09,,,"31, 18, 23, 28, 24, 17, 20, 21, 20, 16, 27, 18, 22, 37, 13, 25, 16, 19, 16, 30, 29, 16, 31, 19",22,
28,doctor of veterinary,pk,,20,,,,,,90,,,2016-08-19,,,"7, 3, 2, 16, 6, 13, 20, 27, 32, 29, 27, 38, 47, 28, 15, 7, 23, 16, 16, 24, 16, 14, 31, 15",20,
29,veterinary doctor card design,pk,,20,,,,,,50,,,2025-01-30,,,"0, 0, 0, 0, 3, 3, 17, 12, 2, 5, 17, 6, 18, 8, 11, 12, 16, 21, 14, 28, 15, 11, 13, 12",12,
30,animal doctor crossword clue,pk,,20,,,,,,350,,,2022-10-29,,,"0, 2, 0, 0, 0, 0, 0, 0, 0, 0, 0, 0, 0, 0, 1, 2, 0, 1, 3, 10, 63, 60, 40, 13",37,
31,animal doctor lahore,pk,,20,0.03,,,,,20,,,2020-10-31,,,"19, 23, 30, 27, 15, 22, 30, 17, 51, 56, 20, 24, 25, 18, 21, 13, 0, 0, 22, 15, 105, 30, 24, 16",23,
32,veterinary doctor in lahore,pk,22,20,0.07,,vet doctor near me,2026-09-09 12:13:47,"Local pack,People also ask",20,150,150,2016-03-25,"Informational,Commercial,Transactional,Non-branded,Local",English,"2, 2, 0, 0, 0, 0, 0, 0, 0, 8, 10, 16, 0, 0, 23, 38, 44, 27, 31, 18, 27, 19, 23, 18",20,Veterinarians
33,pets clinic in lahore,pk,,20,,,,,,20,,,2015-10-21,,,"24, 19, 18, 14, 13, 19, 15, 23, 27, 28, 73, 57, 26, 29, 39, 10, 13, 14, 11, 8, 11, 27, 18, 27",24,
34,pets clinic lahore,pk,,20,,,,,,20,,,2017-12-15,,,"0, 0, 0, 0, 0, 0, 4, 9, 21, 12, 17, 22, 15, 7, 8, 0, 22, 14, 21, 21, 30, 20, 32, 10",21,
35,veterinary doctor visiting card urdu,pk,,20,,,,,,20,,,2024-05-25,,,"21, 14, 20, 19, 13, 22, 22, 26, 24, 34, 35, 30, 20, 18, 13, 9, 18, 24, 9, 16, 30, 5, 12, 2",7,
36,animal doctor called in english,pk,,20,,,,,,80,,,2016-11-30,,,"0, 16, 7, 1, 3, 0, 23, 1, 22, 28, 22, 24, 20, 37, 16, 0, 1, 11, 8, 28, 21, 30, 11, 7",16,
37,veterinary doctor meaning,pk,,20,,0.15,,,,400,,,2015-10-01,"Informational,Non-branded,Non-local",English,"75, 50, 90, 43, 36, 33, 27, 25, 24, 46, 17, 28, 16, 35, 12, 2, 5, 15, 24, 17, 25, 16, 19, 15",17,Veterinarians; Encyclopedias
38,government animal hospital lahore,pk,,20,,,,,,20,,,2020-03-07,,,"34, 47, 33, 35, 18, 32, 36, 29, 30, 27, 48, 33, 35, 29, 29, 27, 22, 36, 35, 30, 24, 20, 0, 0",7,
39,veterinary doctor helpline number,pk,,20,,,,,,150,,,2017-09-01,,,"0, 0, 0, 0, 0, 1, 0, 0, 2, 5, 5, 15, 5, 12, 9, 15, 12, 11, 7, 19, 65, 11, 7, 1",7,
40,veterinary doctor in pakistan,pk,22,20,,,pvmc,2026-08-10 20:38:12,"Local pack,People also ask",20,300,300,2016-06-09,"Informational,Commercial,Transactional,Non-branded,Local",English,"13, 8, 9, 5, 1, 7, 8, 17, 15, 8, 15, 29, 18, 12, 9, 42, 28, 17, 20, 22, 24, 20, 13, 6",13,Veterinarians
41,veterinary doctor course,pk,,20,0.10,,,,,2800,,,2015-09-24,"Informational,Non-branded,Non-local",English,"12, 9, 7, 19, 19, 22, 9, 16, 13, 24, 34, 25, 20, 30, 15, 8, 13, 16, 9, 13, 13, 14, 14, 22",17,Universities
42,dog bite vaccination center in lahore,pk,,20,,,,,,20,,,2021-10-06,,,"33, 40, 43, 57, 74, 58, 32, 28, 49, 31, 33, 21, 28, 41, 22, 44, 19, 4, 0, 0, 5, 12, 26, 19",19,
43,veterinary doctor degree name,pk,,10,,,,,,200,,,2019-04-07,,,"6, 2, 0, 1, 4, 2, 0, 3, 0, 4, 1, 1, 9, 2, 7, 4, 7, 4, 4, 12, 13, 14, 13, 1",10,
44,animal doctor course,pk,,10,0.10,,,,,800,,,2015-11-10,,,"2, 6, 4, 1, 3, 1, 5, 3, 4, 11, 12, 15, 13, 9, 10, 8, 12, 9, 12, 7, 3, 11, 9, 7",10,
45,doctor of veterinary medicine degree,pk,,10,,,,,,200,,,2016-05-12,,,"6, 3, 1, 0, 0, 4, 2, 1, 1, 8, 6, 10, 15, 3, 3, 8, 6, 4, 7, 4, 5, 1, 7, 6",6,
46,veterinary doctor jobs in pakistan,pk,,10,0.15,,,,,10,,,2015-10-02,,,"0, 6, 0, 16, 26, 9, 26, 10, 0, 0, 31, 24, 35, 8, 0, 16, 25, 1, 0, 0, 0, 0, 0, 0",1,
47,veterinary doctor salary in uk,pk,,10,,,,,,40,,,2020-06-16,,,"19, 11, 8, 3, 7, 4, 8, 17, 18, 16, 13, 8, 14, 5, 3, 8, 5, 5, 3, 3, 4, 6, 3, 7",6,
48,the vets animal hospital lahore,pk,,10,,,,,,10,,,2018-10-29,,,"6, 27, 15, 31, 10, 3, 33, 37, 21, 9, 34, 17, 2, 1, 1, 5, 2, 11, 21, 3, 13, 10, 40, 7",19,
49,vet in lahore,pk,,10,,,,,,10,,,2016-02-21,,,"9, 15, 23, 20, 27, 17, 27, 14, 19, 13, 26, 28, 11, 2, 0, 16, 10, 21, 14, 15, 25, 22, 12, 12",15,
50,veterinary doctor salary in australia per month,pk,,10,,,,,,100,,,2023-09-27,,,"6, 2, 7, 6, 9, 7, 9, 7, 7, 9, 17, 9, 10, 8, 5, 6, 5, 5, 10, 10, 17, 8, 11, 11",11,
51,free animal hospital in lahore timings,pk,,10,,,,,,10,,,2024-03-18,,,"12, 5, 4, 13, 3, 2, 5, 8, 18, 1, 22, 31, 6, 2, 9, 5, 0, 2, 12, 23, 20, 18, 20, 9",16,
52,what we called animal doctor,pk,,10,,,,,,30,,,2021-05-21,,,"6, 5, 1, 3, 4, 4, 5, 1, 1, 1, 4, 4, 11, 3, 1, 0, 1, 4, 3, 8, 9, 7, 6, 2",6,
53,animal doctor in english,pk,,10,,,,,,60,,,2016-03-11,,,"2, 3, 1, 0, 0, 6, 7, 3, 17, 17, 23, 21, 17, 14, 11, 1, 4, 4, 6, 7, 6, 8, 2, 2",5,
54,veterinary doctor salary in dubai,pk,,10,,,,,,70,,,2015-11-24,,,"1, 3, 4, 2, 1, 4, 1, 0, 0, 2, 14, 5, 4, 2, 4, 12, 12, 8, 7, 6, 1, 1, 1, 1",2,
55,veterinary clinic in lahore,pk,,10,,,,,,10,,,2018-01-29,"Informational,Commercial,Non-branded,Local",English,"10, 8, 7, 2, 2, 5, 5, 2, 4, 7, 42, 12, 11, 2, 0, 0, 10, 6, 31, 15, 16, 28, 22, 11",20,Veterinarians
56,veterinary doctor visiting card design,pk,,10,,,,,,70,,,2020-12-12,,,"17, 24, 11, 29, 16, 9, 4, 10, 4, 1, 3, 5, 8, 10, 6, 14, 15, 23, 15, 17, 24, 10, 15, 15",14,
57,doctor of veterinary medicine (dvm),pk,,10,,,,,,150,,,2017-08-22,,,"4, 2, 2, 4, 3, 0, 0, 2, 2, 0, 1, 8, 9, 11, 3, 4, 3, 6, 1, 13, 7, 12, 19, 8",13,
58,veterinary doctor called,pk,,10,,,,,,90,,,2021-07-26,,,"15, 17, 15, 11, 8, 8, 6, 2, 2, 4, 3, 3, 8, 10, 4, 4, 13, 13, 9, 17, 17, 5, 5, 4",6,
59,veterinary doctor jobs,pk,,10,0.08,,,,,90,,,2015-11-05,,,"3, 3, 3, 0, 5, 14, 8, 12, 21, 19, 11, 12, 20, 5, 3, 8, 15, 7, 1, 10, 0, 6, 4, 0",4,
60,animal doctor number,pk,,10,,,,,,70,,,2020-09-19,,,"0, 0, 0, 5, 2, 2, 5, 4, 11, 7, 10, 10, 8, 10, 6, 5, 14, 3, 1, 2, 16, 5, 6, 0",5,
61,animal doctor in karachi,pk,0,10,0.03,,vets near me,2026-08-20 04:40:09,"Local pack,People also ask",10,40,40,2016-02-24,"Informational,Commercial,Transactional,Non-branded,Local",English,"0, 0, 0, 0, 0, 17, 23, 19, 51, 55, 20, 21, 24, 11, 0, 0, 2, 8, 11, 18, 39, 7, 0, 1",4,Veterinarians
62,doctor animal,pk,,10,,,,,,500,,,2015-12-25,"Informational,Commercial,Non-branded,Local",English,"3, 5, 2, 0, 4, 6, 8, 23, 16, 9, 16, 10, 16, 17, 6, 5, 7, 12, 6, 14, 16, 2, 30, 26",19,Veterinarians
63,government animal hospital in lahore,pk,,10,,,,,,10,,,2016-12-14,"Informational,Branded,Local",English,"0, 0, 0, 0, 5, 0, 1, 18, 32, 15, 22, 35, 23, 12, 0, 0, 0, 0, 0, 14, 32, 22, 35, 15",24,Veterinarians
64,vet clinic in lahore,pk,,10,,,,,,10,,,2016-09-01,,,"4, 4, 4, 2, 4, 10, 11, 10, 10, 6, 38, 17, 7, 5, 0, 0, 7, 13, 11, 17, 14, 19, 17, 12",16,
65,doctor veterinary,pk,,10,,,,,,150,,,2016-01-27,,,"1, 0, 3, 3, 8, 9, 7, 2, 13, 4, 8, 4, 10, 10, 12, 8, 5, 5, 4, 12, 8, 3, 7, 3",5,
66,online veterinary doctor,pk,,10,0.09,,,,,400,,,2015-09-05,,,"30, 24, 17, 10, 7, 4, 12, 13, 28, 24, 10, 12, 10, 3, 1, 7, 9, 4, 5, 0, 19, 5, 2, 6",5,
67,govt animal hospital lahore,pk,,10,,,,,,10,,,2021-06-26,,,"9, 6, 2, 0, 0, 10, 33, 36, 37, 32, 28, 46, 36, 10, 1, 0, 0, 3, 13, 21, 25, 18, 22, 6",16,
68,doctor of animal,pk,,10,,,,,,250,,,2015-12-16,,,"36, 11, 8, 11, 17, 16, 15, 14, 14, 23, 22, 15, 24, 14, 15, 7, 8, 8, 5, 14, 13, 10, 10, 4",9,
69,animal doctor name in english,pk,,10,,,,,,50,,,2019-04-21,,,"6, 18, 10, 15, 16, 6, 12, 1, 0, 1, 2, 19, 3, 11, 3, 0, 0, 4, 2, 6, 11, 3, 15, 8",9,
70,animal doctor helpline number,pk,,10,,,,,,200,,,2017-07-29,,,"0, 1, 1, 0, 0, 0, 0, 2, 1, 9, 8, 8, 10, 5, 11, 3, 4, 5, 6, 15, 76, 9, 4, 0",5,
71,what animal doctor called,pk,,10,,,,,,40,,,2020-04-25,,,"15, 4, 5, 13, 6, 7, 4, 0, 2, 4, 4, 9, 3, 9, 4, 1, 2, 8, 10, 13, 3, 7, 4, 1",5,
72,animal doctor visiting card design,pk,,10,,,,,,60,,,2017-07-10,,,"0, 0, 0, 0, 0, 15, 3, 5, 10, 6, 13, 2, 7, 4, 5, 8, 5, 9, 14, 10, 6, 6, 20, 16",14,
73,doctor of animal is called,pk,,10,,,,,,90,,,2021-11-18,,,"21, 16, 19, 18, 26, 5, 11, 0, 8, 5, 13, 24, 6, 12, 9, 0, 0, 7, 8, 6, 2, 13, 2, 9",9,
74,visiting card design for veterinary doctor,pk,,10,,,,,,20,,,2021-03-13,,,"6, 25, 2, 23, 2, 2, 6, 11, 12, 1, 2, 7, 3, 7, 4, 4, 0, 0, 0, 5, 16, 22, 1, 0",8,
75,free animal hospital in lahore contact number,pk,,10,,,,,,10,,,2025-06-10,,,"0, 0, 0, 0, 0, 0, 0, 0, 0, 7, 0, 0, 0, 0, 0, 0, 0, 0, 0, 2, 30, 21, 27, 11",19,
76,veterinary doctor logo,pk,,10,,,,,,800,,,2015-09-05,"Informational,Commercial,Non-branded,Non-local",English,"5, 16, 12, 20, 8, 18, 20, 24, 21, 15, 24, 30, 25, 4, 13, 14, 4, 16, 15, 9, 6, 16, 8, 13",13,Veterinarians
77,cow doctor veterinary logo,pk,,10,,,,,,100,,,2023-02-02,,,"7, 7, 3, 7, 5, 5, 18, 22, 13, 13, 26, 21, 18, 14, 11, 14, 9, 20, 3, 4, 5, 0, 7, 4",5,
78,veterinary doctor in faisalabad,pk,,10,,,,,,10,,,2016-01-25,,,"2, 3, 4, 1, 0, 4, 2, 6, 6, 2, 1, 2, 0, 0, 3, 0, 0, 0, 2, 14, 31, 2, 12, 1",6,
79,veterinary doctor in karachi,pk,38,10,0.03,1.41,vets near me,2026-09-12 16:24:49,"Local pack,People also ask",10,40,40,2015-09-07,"Informational,Commercial,Transactional,Non-branded,Local",English,"14, 3, 3, 0, 2, 8, 10, 13, 22, 21, 12, 11, 4, 0, 7, 9, 20, 8, 11, 11, 57, 20, 6, 3",10,Veterinarians
80,animal doctor logo,pk,,10,,,,,,200,,,2017-04-03,,,"5, 1, 2, 6, 7, 4, 4, 12, 10, 5, 8, 6, 8, 5, 6, 10, 5, 4, 4, 4, 7, 8, 2, 15",9,
81,what is called animal doctor,pk,,10,,,,,,60,,,2021-12-13,,,"15, 12, 10, 6, 15, 11, 8, 0, 0, 5, 11, 6, 10, 6, 7, 1, 0, 9, 6, 5, 3, 5, 10, 10",9,
82,animal doctor course name,pk,,10,,,,,,300,,,2020-11-26,,,"2, 1, 3, 0, 1, 1, 3, 1, 3, 0, 5, 5, 6, 16, 5, 5, 5, 5, 5, 2, 4, 3, 5, 3",5,
83,doctor of veterinary medicine salary,pk,,10,,,,,,150,,,2015-09-16,,,"15, 13, 10, 6, 7, 5, 3, 9, 0, 9, 15, 7, 11, 11, 18, 7, 5, 8, 4, 7, 5, 14, 2, 8",9,
84,veterinary doctor jobs in uae,pk,,10,,,,,,40,,,2015-09-05,,,"10, 14, 7, 5, 1, 14, 6, 2, 5, 8, 1, 6, 10, 0, 7, 1, 7, 4, 12, 4, 6, 6, 6, 0",5,
85,animal doctor faisalabad,pk,,10,,,,,,10,,,2025-05-21,,,"0, 0, 0, 0, 0, 0, 0, 0, 22, 32, 5, 3, 0, 0, 0, 0, 0, 0, 0, 2, 75, 0, 6, 0",3,
86,best veterinary doctor in lahore,pk,,10,0.10,,,,,10,,,2016-04-18,,,"20, 5, 0, 0, 0, 0, 0, 23, 19, 18, 19, 25, 22, 23, 22, 25, 10, 3, 0, 0, 9, 0, 0, 0",1,
87,animal doctor in karachi near me,pk,26,10,,,vets near me,2026-08-23 13:43:29,"Local pack,People also ask,Video preview",10,40,40,2021-07-11,"Informational,Commercial,Transactional,Non-branded,Local",English,"4, 14, 21, 34, 28, 29, 28, 29, 40, 25, 18, 15, 6, 18, 13, 9, 21, 4, 0, 4, 18, 16, 4, 0",7,Veterinarians
88,animal doctor rawalpindi,pk,,10,,,,,,10,,,2015-09-19,,,"6, 2, 2, 0, 0, 0, 0, 0, 8, 35, 5, 10, 3, 0, 3, 14, 9, 16, 11, 6, 31, 0, 12, 3",6,
89,what is veterinary doctor,pk,,10,,,,,,250,,,2019-09-02,,,"37, 32, 24, 42, 38, 36, 26, 24, 22, 14, 27, 19, 7, 13, 14, 1, 5, 12, 18, 16, 16, 24, 14, 12",17,
90,veterinary doctor rawalpindi,pk,,10,,,,,,10,,,2021-06-20,,,"8, 6, 4, 0, 8, 7, 10, 0, 17, 37, 10, 2, 0, 6, 0, 0, 2, 4, 1, 0, 73, 11, 36, 15",22,
91,free animal hospital in lahore price,pk,,10,,,,,,10,,,2024-08-16,"Informational,Commercial,Non-branded,Local",English,"8, 20, 3, 3, 9, 19, 12, 21, 24, 26, 31, 28, 16, 21, 20, 21, 10, 0, 0, 0, 0, 12, 14, 0",9,Veterinarians
92,what we call animal doctor,pk,,10,,,,,,60,,,2016-02-28,,,"16, 13, 11, 4, 11, 7, 6, 1, 5, 2, 6, 8, 9, 4, 3, 0, 1, 6, 11, 18, 9, 2, 1, 3",3,
93,defence animal hospital and rescue center lahore,pk,,10,,,,,,10,,,2026-04-18,,,"0, 0, 0, 0, 0, 0, 0, 0, 0, 0, 0, 0, 0, 0, 0, 0, 0, 0, 0, 11, 48, 0, 19, 9",10,
94,online veterinary doctor pakistan,pk,0,10,0.09,,veterinary doctor,2026-08-12 19:41:07,"People also ask,Local pack,Video preview",10,70,70,2020-03-31,"Informational,Commercial,Transactional,Non-branded,Local",English,"2, 2, 3, 0, 0, 1, 10, 17, 6, 5, 6, 2, 0, 6, 6, 0, 0, 0, 0, 9, 22, 5, 10, 0",6,Veterinarians
95,asad pets clinic lahore,pk,,10,,,,,,10,,,2015-09-01,,,"10, 2, 0, 0, 0, 0, 0, 3, 10, 3, 0, 5, 0, 25, 10, 17, 15, 3, 0, 0, 4, 10, 2, 0",5,
96,dvm doctor of veterinary medicine,pk,,10,,,,,,70,,,2016-01-05,,,"3, 3, 3, 0, 2, 0, 1, 0, 2, 1, 3, 5, 3, 42, 16, 5, 7, 3, 7, 7, 7, 7, 7, 6",7,
97,free veterinary doctor near me,pk,,10,,,,,,200,,,2020-10-08,,,"0, 1, 0, 0, 1, 0, 1, 0, 2, 0, 1, 1, 3, 1, 2, 6, 6, 4, 5, 6, 49, 4, 14, 8",9,
98,animal doctor near me open now,pk,,10,,,,,,50,,,2024-03-27,"Commercial,Non-branded,Local",English,"5, 9, 4, 3, 4, 2, 10, 4, 17, 10, 14, 6, 11, 4, 1, 4, 4, 5, 6, 8, 51, 4, 9, 1",6,Veterinarians
99,best animal doctor near me,pk,,10,,,,,,80,,,2020-06-29,,,"1, 7, 5, 8, 6, 4, 11, 7, 17, 9, 4, 8, 4, 2, 4, 2, 4, 7, 10, 9, 20, 4, 5, 2",5,
100,animal doctor contact number,pk,,10,,,,,,60,,,2020-02-08,,,"1, 5, 0, 3, 2, 3, 4, 6, 7, 6, 3, 2, 6, 6, 13, 5, 6, 6, 9, 7, 18, 1, 2, 2",3,
101,veterinary doctor card,pk,,10,,,,,,50,,,2020-10-18,,,"8, 6, 4, 18, 3, 15, 5, 14, 14, 16, 3, 13, 16, 14, 7, 8, 13, 1, 10, 13, 12, 7, 13, 16",13,
102,round lake animal hospital dha lahore,pk,,,,,,,,,,,2023-01-23,,,"0, 0, 0, 0, 0, 0, 0, 0, 0, 0, 0, 0, 0, 0, 0, 0, 0, 0, 0, 0, 0, 0, 0, 0",1,
103,what are the steps to become a veterinary doctor,pk,,,,,,,,20,,,2022-12-19,,,"0, 0, 2, 0, 0, 0, 1, 1, 0, 2, 0, 0, 1, 0, 0, 0, 0, 0, 0, 0, 0, 0, 0, 0",1,
104,i want to become a veterinary doctor,pk,,,,,,,,20,,,2023-03-29,,,"0, 0, 2, 0, 1, 0, 0, 0, 1, 0, 0, 1, 0, 0, 0, 0, 0, 0, 0, 0, 0, 0, 0, 0",1,
105,doctor of veterinary medicine jobs,pk,,,,,,,,10,,,2017-11-24,,,"0, 0, 0, 0, 4, 2, 1, 0, 0, 5, 1, 1, 5, 0, 5, 1, 2, 2, 3, 0, 2, 0, 1, 0",1,
106,veterinary doctor poster,pk,,,,,,,,,,,2022-10-12,,,"0, 0, 0, 0, 0, 0, 0, 1, 0, 0, 3, 7, 0, 0, 0, 0, 2, 1, 0, 0, 0, 0, 0, 0",1,
107,animal doctor veterinary doctor visiting card,pk,,,,,,,,,,,2024-09-18,,,"4, 5, 6, 0, 2, 0, 0, 0, 0, 0, 1, 0, 0, 0, 0, 0, 0, 0, 0, 0, 0, 0, 0, 0",1,
108,doctor cleaning animal bite wound,pk,,,,,,,,10,,,2026-04-23,,,"0, 0, 0, 0, 0, 0, 0, 0, 0, 0, 0, 0, 0, 0, 0, 0, 0, 0, 0, 1, 2, 1, 0, 0",1,
109,veterinary doctor experience certificate,pk,,,,,,,,,,,2020-09-05,,,"0, 0, 0, 0, 0, 0, 0, 0, 0, 0, 0, 0, 0, 0, 0, 0, 0, 0, 0, 0, 0, 0, 0, 0",1,
110,veterinary doctor jobs in uk,pk,,,,,,,,,,,2022-08-22,,,"0, 0, 0, 0, 0, 0, 0, 0, 0, 0, 0, 0, 0, 0, 0, 0, 0, 0, 0, 0, 0, 0, 0, 0",1,
111,animal doctor job,pk,,,,,,,,,,,2020-05-08,,,"0, 0, 0, 0, 0, 0, 0, 0, 0, 0, 0, 0, 0, 0, 0, 0, 0, 0, 0, 0, 0, 0, 0, 0",1,
112,veterinary doctor resume samples,pk,,,,,,,,10,,,2020-01-18,,,"1, 0, 0, 0, 0, 0, 0, 0, 0, 0, 0, 0, 0, 0, 0, 0, 1, 1, 0, 0, 0, 2, 0, 0",2,
113,what is salary of veterinary doctor,pk,,,,,,,,10,,,2020-05-16,,,"3, 0, 1, 0, 1, 0, 1, 0, 0, 0, 0, 1, 0, 0, 0, 0, 0, 0, 1, 0, 0, 0, 0, 0",1,
114,what to do to become veterinary doctor,pk,,,,,,,,10,,,2024-05-08,,,"1, 0, 0, 0, 0, 0, 0, 0, 0, 0, 0, 1, 0, 0, 0, 0, 0, 0, 0, 0, 0, 0, 0, 0",1,
115,asim pets clinic (defence) lahore,pk,,,,,,,,,,,2022-02-08,,,"0, 0, 0, 0, 0, 0, 0, 0, 0, 0, 0, 0, 0, 0, 0, 0, 0, 0, 0, 0, 0, 0, 0, 0",1,
116,how to study veterinary doctor,pk,,,,,,,,50,,,2023-01-13,,,"0, 2, 0, 0, 1, 0, 0, 1, 0, 0, 0, 0, 0, 0, 0, 1, 0, 0, 0, 0, 0, 0, 0, 0",1,
117,veterinary doctor contact number,pk,,,,,,,,20,,,2020-04-06,,,"0, 1, 3, 2, 3, 0, 0, 0, 14, 2, 2, 4, 0, 3, 1, 3, 3, 5, 3, 2, 12, 3, 6, 7",6,
118,veterinary doctor pic,pk,,,,,,,,10,,,2018-07-09,,,"0, 0, 0, 0, 2, 0, 4, 0, 2, 4, 0, 5, 5, 0, 2, 0, 0, 0, 0, 0, 0, 0, 0, 0",1,
119,veterinary doctor work,pk,,,,,,,,20,,,2021-02-25,,,"1, 0, 1, 0, 1, 1, 0, 0, 3, 0, 0, 1, 0, 2, 0, 1, 2, 0, 0, 0, 0, 1, 0, 0",1,
120,online veterinary doctor consultation,pk,,,,,,,,20,,,2021-08-24,,,"1, 1, 0, 2, 3, 0, 0, 1, 0, 0, 0, 0, 0, 1, 0, 0, 0, 0, 1, 0, 0, 0, 0, 0",1,
121,veterinary doctor hospital,pk,,,,,,,,10,,,2022-07-22,,,"1, 0, 0, 0, 0, 0, 1, 1, 0, 0, 0, 0, 0, 0, 0, 0, 2, 0, 1, 1, 1, 0, 0, 0",1,
122,doctor animal name,pk,,,,,,,,,,,2023-12-01,,,"4, 1, 1, 0, 0, 0, 3, 0, 0, 0, 2, 0, 0, 0, 0, 0, 0, 0, 0, 0, 0, 0, 0, 0",1,
123,mobile animal doctor,pk,,,,,,,,10,,,2020-07-24,,,"0, 0, 0, 0, 0, 0, 0, 0, 0, 0, 0, 0, 0, 0, 0, 0, 0, 0, 0, 0, 0, 0, 0, 0",1,
124,animal doctor games online,pk,,,,,,,,,,,2017-02-24,,,"0, 0, 0, 0, 0, 0, 0, 0, 0, 0, 0, 0, 0, 0, 0, 0, 0, 0, 0, 0, 0, 0, 0, 0",1,
125,animal doctor near by me,pk,,,,,,,,30,,,2020-01-20,,,"1, 0, 0, 0, 0, 0, 1, 1, 2, 1, 0, 0, 2, 0, 0, 1, 0, 0, 0, 1, 6, 0, 0, 0",1,
126,veterinary doctor vacancy,pk,,,,,,,,60,,,2021-01-15,,,"0, 0, 0, 0, 1, 0, 0, 2, 1, 2, 1, 0, 1, 0, 2, 0, 0, 0, 1, 0, 0, 0, 0, 0",1,
127,animal doctor what is called,pk,,,,,,,,20,,,2025-03-03,,,"0, 0, 0, 0, 0, 0, 1, 0, 0, 0, 0, 0, 0, 0, 0, 0, 0, 0, 0, 0, 2, 0, 1, 1",2,
128,best veterinary doctor in pune,pk,,,,,,,,20,,,2021-08-06,,,"0, 0, 1, 0, 0, 0, 0, 0, 0, 0, 0, 0, 0, 0, 0, 0, 0, 0, 0, 0, 0, 0, 0, 0",1,
129,name of animal doctor,pk,,,,,,,,40,,,2020-02-07,,,"4, 2, 11, 4, 6, 3, 4, 0, 0, 0, 2, 0, 6, 4, 0, 0, 1, 0, 3, 3, 2, 6, 5, 0",5,
130,veterinary doctor diploma,pk,,,,,,,,30,,,2018-10-12,,,"0, 0, 1, 1, 1, 0, 0, 0, 0, 0, 2, 5, 0, 0, 0, 0, 0, 0, 2, 0, 1, 0, 0, 0",1,
131,vacancy for veterinary doctor,pk,,,,,,,,10,,,2020-03-09,,,"0, 0, 0, 0, 0, 0, 0, 0, 0, 0, 0, 0, 0, 0, 0, 0, 0, 0, 0, 0, 0, 0, 0, 0",1,
132,ben 10 vs doctor animal games,pk,,,,,,,,,,,2017-09-16,,,"0, 0, 0, 0, 0, 0, 0, 0, 0, 0, 0, 0, 0, 0, 0, 0, 0, 0, 0, 0, 0, 0, 0, 0",1,
133,a animal doctor is called,pk,,,,,,,,10,,,2022-01-09,,,"0, 0, 0, 0, 0, 0, 0, 0, 0, 0, 0, 0, 0, 0, 0, 0, 0, 2, 0, 1, 0, 0, 0, 0",1,
134,who are veterinary doctor,pk,,,,,,,,,,,2021-03-22,,,"3, 2, 0, 1, 2, 2, 0, 1, 2, 0, 2, 0, 0, 0, 0, 0, 0, 0, 0, 0, 0, 0, 0, 0",1,
135,veterinary doctor jobs in india,pk,,,,,,,,60,,,2020-03-28,,,"0, 0, 0, 0, 0, 1, 0, 0, 0, 0, 1, 0, 0, 0, 0, 0, 0, 0, 0, 0, 0, 0, 0, 0",1,
136,tools used by veterinary doctor,pk,,,,,,,,10,,,2022-11-14,,,"0, 0, 0, 1, 0, 0, 0, 0, 0, 0, 0, 1, 1, 0, 0, 0, 1, 0, 0, 0, 0, 0, 0, 0",1,
137,nearby animal doctor,pk,,,,,,,,60,,,2020-03-13,,,"0, 0, 0, 0, 0, 0, 0, 1, 4, 0, 0, 2, 1, 0, 0, 1, 0, 2, 3, 1, 5, 0, 0, 0",1,
138,veterinary doctor meaning in english,pk,,,,,,,,,,,2016-02-01,,,"0, 0, 0, 0, 0, 0, 0, 0, 0, 0, 0, 0, 0, 0, 1, 0, 0, 0, 0, 0, 0, 0, 0, 0",1,
139,application letter for veterinary doctor,pk,,,,,,,,,,,2021-01-18,,,"0, 0, 0, 0, 0, 0, 0, 0, 1, 0, 0, 0, 0, 0, 0, 0, 0, 0, 0, 0, 0, 0, 0, 0",1,
140,animal doctor home visit,pk,,,,,,,,20,,,2020-05-11,,,"1, 1, 0, 0, 0, 0, 0, 0, 0, 0, 0, 0, 0, 0, 0, 0, 0, 1, 0, 0, 2, 0, 0, 0",1,
141,online animal doctor free,pk,,,,,,,,,,,2025-07-25,,,"0, 0, 0, 0, 0, 0, 0, 0, 0, 0, 3, 0, 0, 1, 0, 0, 0, 0, 0, 0, 0, 0, 0, 0",1,
142,what is the salary of veterinary doctor in abroad,pk,,,,,,,,10,,,2025-05-22,,,"0, 0, 0, 0, 0, 0, 0, 0, 1, 0, 0, 0, 0, 0, 0, 0, 0, 0, 0, 0, 4, 0, 1, 0",1,
143,gentle doctor animal hospital omaha,pk,,,,,,,,60,,,2022-10-04,,,"0, 0, 0, 0, 0, 0, 0, 0, 0, 0, 0, 0, 0, 0, 0, 0, 0, 0, 0, 0, 0, 0, 0, 0",1,
144,universal pets clinic lahore,pk,,,,,,,,,,,2022-07-26,,,"3, 5, 6, 0, 0, 0, 0, 0, 0, 0, 0, 0, 0, 0, 0, 0, 0, 0, 0, 0, 0, 0, 0, 0",1,
145,what is a doctor of veterinary medicine,pk,,,,,,,,20,,,2020-07-16,,,"0, 0, 0, 0, 0, 0, 0, 0, 0, 0, 0, 0, 0, 0, 0, 1, 0, 0, 0, 0, 0, 0, 0, 0",1,
146,"round lake animal hospital, lahore photos",pk,,,,,,,,,,,2023-05-05,,,"0, 0, 0, 0, 0, 0, 0, 0, 0, 0, 0, 0, 0, 0, 0, 0, 0, 0, 0, 0, 0, 0, 0, 0",1,
147,salary of a veterinary doctor,pk,,,,,,,,50,,,2020-03-15,,,"0, 2, 0, 0, 1, 0, 4, 1, 0, 2, 0, 1, 0, 1, 0, 1, 0, 0, 0, 0, 0, 0, 0, 1",2,
148,vat animal doctor,pk,,,,,,,,,,,2021-04-30,,,"0, 0, 0, 0, 0, 0, 0, 0, 0, 0, 0, 0, 0, 0, 0, 0, 0, 0, 0, 0, 0, 0, 2, 0",2,
149,which course for veterinary doctor,pk,,,,,,,,10,,,2022-12-29,,,"0, 0, 0, 0, 0, 0, 0, 0, 0, 0, 0, 0, 0, 0, 0, 0, 0, 0, 0, 0, 0, 0, 1, 0",2,
150,government animal doctor,pk,,,,,,,,,,,2018-05-19,,,"2, 0, 0, 0, 0, 0, 0, 0, 0, 1, 1, 2, 1, 0, 0, 1, 1, 2, 0, 0, 2, 0, 0, 0",1,
151,what the name of animal doctor,pk,,,,,,,,,,,2024-07-25,,,"2, 0, 0, 0, 0, 0, 0, 0, 0, 0, 0, 0, 0, 0, 0, 0, 0, 0, 0, 0, 0, 1, 0, 0",1,
152,faith pets clinic lahore,pk,,,,,,,,,,,2023-05-06,,,"2, 0, 6, 8, 1, 1, 0, 0, 0, 0, 0, 0, 0, 0, 0, 0, 0, 0, 0, 0, 0, 0, 0, 0",1,
153,what is name of animal doctor,pk,,,,,,,,,,,2023-10-24,,,"1, 6, 0, 2, 4, 2, 1, 0, 0, 1, 0, 0, 0, 0, 1, 0, 0, 2, 0, 0, 2, 0, 0, 0",1,
154,animal eye doctor,pk,,,,,,,,300,,,2017-02-25,,,"0, 1, 0, 0, 1, 0, 1, 3, 2, 3, 0, 0, 0, 0, 0, 0, 0, 1, 0, 0, 1, 0, 1, 0",2,
155,veterinary doctor photos,pk,,,,,,,,70,,,2020-12-28,,,"0, 0, 2, 0, 1, 3, 3, 3, 6, 0, 3, 4, 8, 3, 6, 3, 1, 3, 1, 0, 2, 3, 1, 1",3,
156,veterinary eye doctor,pk,,,,,,,,250,,,2021-04-19,,,"0, 1, 0, 2, 0, 1, 0, 0, 0, 1, 1, 0, 0, 0, 0, 0, 0, 0, 0, 0, 0, 0, 0, 0",1,
157,who is the veterinary doctor,pk,,,,,,,,10,,,2022-05-06,,,"0, 1, 0, 0, 0, 0, 0, 0, 0, 0, 2, 0, 0, 0, 0, 0, 0, 0, 0, 0, 0, 0, 0, 0",1,
158,exam for veterinary doctor,pk,,,,,,,,60,,,2022-04-18,,,"1, 0, 0, 0, 0, 0, 0, 0, 0, 0, 0, 1, 1, 0, 0, 0, 0, 0, 0, 0, 0, 0, 0, 0",1,
159,doctor of veterinary medicine monash,pk,,,,,,,,20,,,2021-10-22,,,"0, 0, 0, 0, 0, 0, 0, 0, 0, 0, 0, 0, 0, 0, 0, 0, 0, 0, 0, 0, 0, 0, 0, 1",1,
160,"round lake animal hospital, lahore reviews",pk,,,,,,,,,,,2023-05-06,,,"0, 0, 0, 0, 0, 0, 0, 0, 0, 0, 0, 0, 0, 0, 0, 0, 0, 0, 0, 0, 0, 0, 0, 0",1,
161,is veterinary a doctor,pk,,,,,,,,30,,,2022-04-23,,,"2, 0, 1, 0, 1, 0, 1, 2, 1, 1, 1, 3, 0, 0, 0, 0, 0, 0, 0, 0, 0, 1, 0, 0",2,
162,animal doctor movie,pk,,,,,,,,10,,,2015-11-22,,,"0, 0, 0, 2, 1, 2, 0, 3, 3, 4, 1, 1, 0, 2, 1, 2, 0, 1, 0, 1, 1, 0, 0, 0",1,
163,animal doctor in islamabad,pk,,,,,,,,,,,2015-12-20,,,"3, 0, 0, 0, 0, 0, 0, 0, 0, 1, 0, 0, 0, 0, 0, 0, 0, 0, 0, 0, 0, 0, 0, 0",1,
164,veterinary doctor study,pk,,,,,,,,60,,,2019-09-20,,,"0, 10, 1, 1, 1, 1, 0, 2, 4, 5, 0, 1, 4, 3, 5, 1, 1, 5, 1, 0, 0, 0, 0, 1",2,
165,what is the qualification for veterinary doctor,pk,,,,,,,,30,,,2023-03-24,,,"0, 0, 0, 0, 0, 1, 0, 1, 1, 0, 0, 0, 0, 0, 0, 0, 0, 1, 0, 0, 1, 0, 0, 0",1,
166,best veterinary doctor in kolkata,pk,,,,,,,,200,,,2021-03-20,,,"0, 0, 0, 0, 0, 0, 0, 0, 0, 0, 0, 0, 0, 0, 0, 0, 0, 0, 0, 0, 0, 0, 0, 0",1,
167,near animal doctor,pk,,,,,,,,20,,,2020-01-24,,,"0, 2, 0, 2, 0, 5, 0, 2, 2, 4, 1, 1, 1, 1, 0, 1, 0, 0, 1, 1, 9, 1, 0, 1",2,
168,salary of veterinary doctor in usa,pk,,,,,,,,70,,,2017-04-17,,,"12, 7, 10, 8, 6, 5, 7, 9, 7, 2, 3, 3, 7, 3, 4, 4, 0, 0, 0, 2, 1, 1, 4, 2",3,
169,cv format for veterinary doctor,pk,,,,,,,,,,,2016-04-11,,,"0, 0, 0, 0, 2, 1, 0, 0, 0, 0, 0, 0, 0, 0, 0, 0, 0, 0, 0, 0, 0, 0, 0, 0",1,
170,how become veterinary doctor,pk,,,,,,,,10,,,2023-07-06,,,"0, 0, 0, 0, 0, 0, 0, 0, 0, 0, 1, 0, 0, 0, 0, 0, 0, 0, 0, 0, 0, 0, 0, 0",1,
171,animal doctor anime,pk,,,,,,,,,,,2021-04-02,,,"0, 0, 0, 0, 0, 0, 0, 0, 0, 0, 0, 0, 0, 0, 0, 0, 0, 0, 0, 0, 0, 0, 0, 0",1,
172,free veterinary doctor near me open now,pk,,,,,,,,10,,,2024-11-22,,,"0, 0, 1, 0, 0, 0, 0, 0, 0, 0, 0, 2, 0, 0, 0, 0, 1, 0, 2, 1, 1, 0, 1, 0",2,
173,the animal doctor cary il,pk,,,,,,,,40,,,2020-08-21,,,"0, 0, 0, 1, 0, 0, 0, 0, 0, 0, 0, 0, 0, 0, 0, 0, 0, 0, 0, 0, 0, 0, 0, 0",1,
174,veterinary doctor salary india 2025,pk,,,,,,,,10,,,2025-07-28,,,"0, 0, 0, 0, 0, 0, 0, 0, 0, 0, 1, 0, 0, 0, 1, 2, 0, 0, 0, 0, 0, 0, 0, 0",1,
175,doctor note for emotional support animal,pk,,,,,,,,30,,,2021-07-03,,,"0, 0, 0, 1, 0, 0, 0, 0, 0, 0, 0, 0, 0, 0, 0, 0, 0, 0, 0, 0, 0, 0, 0, 0",1,
176,what is meant by veterinary doctor,pk,,,,,,,,,,,2021-09-24,,,"0, 0, 0, 0, 1, 1, 0, 0, 1, 0, 1, 0, 0, 0, 0, 0, 0, 0, 0, 0, 0, 0, 0, 0",1,
177,caring claws veterinary clinic lahore,pk,,,,,,,,,,,2022-04-03,,,"0, 1, 0, 0, 0, 3, 0, 0, 0, 0, 0, 0, 0, 0, 0, 0, 0, 0, 0, 0, 0, 0, 0, 0",1,
178,how to get a doctor of veterinary medicine degree,pk,,,,,,,,,,,2020-06-23,,,"0, 0, 0, 0, 0, 0, 0, 0, 0, 0, 0, 0, 0, 1, 0, 0, 0, 0, 0, 0, 0, 0, 0, 0",1,
179,famous animal doctor,pk,,,,,,,,20,,,2022-07-25,,,"0, 0, 0, 0, 1, 0, 1, 0, 0, 0, 1, 0, 0, 0, 1, 1, 0, 0, 0, 0, 0, 0, 0, 0",1,
180,requirement for veterinary doctor,pk,,,,,,,,10,,,2024-01-28,,,"0, 0, 0, 0, 0, 0, 1, 0, 0, 3, 4, 1, 0, 0, 0, 0, 0, 0, 0, 0, 0, 0, 0, 0",1,
181,veterinary doctor qualification in india,pk,,,,,,,,40,,,2023-09-15,,,"0, 0, 0, 0, 0, 0, 0, 0, 0, 0, 0, 0, 0, 0, 0, 0, 0, 0, 0, 0, 0, 0, 0, 0",1,
182,asim pets clinic lahore dha,pk,,,,,,,,,,,2015-11-26,,,"0, 0, 0, 0, 0, 0, 0, 0, 0, 0, 0, 0, 0, 0, 0, 0, 0, 0, 0, 0, 0, 0, 0, 0",1,
183,a veterinary doctor,pk,,,,,,,,50,,,2017-09-13,,,"1, 1, 2, 0, 0, 1, 1, 0, 0, 1, 0, 0, 2, 0, 0, 0, 0, 2, 0, 1, 0, 1, 2, 1",2,
184,best animal doctor,pk,,,,,,,,10,,,2020-01-27,,,"0, 0, 0, 0, 0, 0, 1, 1, 2, 3, 2, 1, 2, 0, 1, 0, 3, 0, 0, 1, 2, 0, 2, 0",2,
185,veterinary surgeon doctor,pk,,,,,,,,,,,2022-06-19,,,"0, 0, 0, 0, 0, 0, 0, 0, 0, 0, 0, 0, 0, 0, 0, 0, 0, 0, 1, 0, 1, 0, 0, 0",1,
186,veterinary doctor scope in pakistan,pk,,,,,,,,,,,2021-09-29,,,"24, 13, 0, 0, 0, 0, 0, 0, 0, 5, 0, 20, 18, 10, 11, 0, 0, 0, 0, 0, 0, 0, 0, 0",1,
187,veterinary doctor salary in singapore,pk,,,,,,,,,,,2024-04-28,,,"0, 0, 0, 0, 2, 0, 0, 0, 0, 0, 1, 0, 3, 0, 0, 0, 0, 1, 0, 0, 0, 0, 0, 0",1,
188,veterinary doctor government jobs,pk,,,,,,,,30,,,2021-03-05,,,"1, 0, 0, 0, 0, 0, 0, 0, 0, 0, 0, 0, 0, 0, 0, 0, 0, 0, 0, 0, 0, 0, 0, 0",1,
189,can i become veterinary doctor after bsc zoology,pk,,,,,,,,,,,2023-06-26,,,"6, 1, 0, 0, 0, 0, 0, 0, 1, 2, 0, 0, 1, 1, 0, 0, 0, 0, 0, 0, 0, 0, 0, 0",1,
190,doctor of veterinary medicine (dvm) degree,pk,,,,,,,,20,,,2020-09-01,,,"5, 1, 0, 1, 0, 0, 0, 0, 0, 0, 0, 0, 0, 0, 0, 0, 0, 0, 0, 0, 0, 0, 0, 0",1,
191,veterinary doctor job description,pk,,,,,,,,20,,,2020-03-18,,,"1, 1, 1, 0, 2, 1, 1, 0, 1, 1, 0, 0, 4, 3, 0, 0, 2, 1, 0, 1, 1, 0, 0, 0",1,
192,veterinary doctor day,pk,,,,,,,,50,,,2020-04-25,,,"0, 0, 0, 0, 0, 0, 0, 2, 0, 0, 1, 0, 0, 0, 0, 0, 1, 0, 0, 3, 2, 0, 2, 0",2,
193,richest veterinary doctor in india,pk,,,,,,,,30,,,2024-02-11,,,"0, 0, 0, 0, 0, 0, 0, 0, 0, 0, 0, 0, 0, 0, 0, 0, 0, 0, 1, 0, 2, 0, 0, 0",1,
194,veterinary doctor bag,pk,,,,,,,,30,,,2020-07-13,,,"0, 1, 0, 4, 5, 0, 2, 2, 9, 3, 2, 5, 3, 1, 3, 7, 1, 2, 1, 0, 0, 1, 0, 1",2,
195,gentle doctor animal hospital las vegas,pk,,,,,,,,20,,,2020-01-11,,,"0, 0, 0, 0, 2, 0, 0, 0, 0, 0, 0, 0, 0, 0, 0, 0, 0, 0, 0, 0, 0, 0, 0, 0",1,
196,veterinary doctor how many years course,pk,,,,,,,,40,,,2023-10-22,,,"1, 0, 0, 0, 0, 0, 1, 0, 0, 0, 0, 0, 0, 0, 0, 0, 0, 0, 2, 0, 0, 0, 0, 0",1,
197,veterinary bag doctor,pk,,,,,,,,30,,,2024-06-02,,,"1, 0, 0, 0, 1, 0, 0, 0, 0, 1, 1, 0, 1, 2, 0, 0, 0, 2, 2, 0, 0, 2, 0, 0",2,
198,best veterinary doctor in jaipur,pk,,,,,,,,40,,,2021-04-21,,,"0, 0, 0, 1, 0, 0, 1, 0, 0, 0, 0, 0, 0, 0, 0, 0, 0, 0, 0, 0, 0, 0, 0, 0",1,
199,veterinary doctor in ghaziabad,pk,,,,,,,,10,,,2021-09-15,,,"0, 0, 0, 0, 0, 0, 0, 0, 0, 0, 0, 0, 0, 0, 0, 0, 0, 0, 0, 0, 0, 0, 0, 0",1,
200,animal doctor surat contact number,pk,,,,,,,,30,,,2022-08-04,,,"0, 0, 0, 0, 0, 0, 0, 0, 0, 0, 0, 0, 0, 0, 0, 0, 0, 0, 0, 0, 0, 0, 0, 0",1,
201,veterinary doctor pakistan,pk,,,,,,,,,,,2026-01-15,,,"0, 0, 0, 0, 0, 0, 0, 0, 0, 0, 0, 0, 0, 0, 0, 0, 3, 2, 2, 0, 0, 0, 0, 0",1,
202,veterinary doctor required neet,pk,,,,,,,,30,,,2022-07-19,,,"1, 0, 0, 0, 0, 0, 0, 1, 0, 0, 0, 0, 0, 0, 0, 0, 0, 0, 0, 0, 0, 0, 0, 0",1,
203,veterinary doctor degree duration,pk,,,,,,,,10,,,2025-01-22,,,"0, 0, 0, 0, 1, 3, 0, 0, 1, 0, 0, 0, 3, 0, 0, 0, 0, 0, 1, 0, 3, 7, 4, 1",5,
204,fees of veterinary doctor,pk,,,,,,,,20,,,2020-10-10,,,"0, 0, 0, 0, 0, 0, 0, 1, 0, 1, 0, 0, 0, 1, 0, 0, 0, 0, 0, 0, 0, 0, 1, 0",2,
205,the animal doctor amk,pk,,,,,,,,,,,2020-08-02,,,"0, 0, 0, 0, 0, 0, 0, 0, 0, 0, 0, 0, 0, 0, 0, 0, 0, 0, 0, 0, 0, 0, 0, 0",1,
206,animal doctor crossword clue 3 letters,pk,,,,,,,,150,,,2026-01-31,,,"0, 0, 0, 0, 0, 0, 0, 0, 0, 0, 0, 0, 0, 0, 0, 0, 1, 2, 4, 7, 18, 0, 0, 0",1,
207,veterinary vet doctor,pk,,,,,,,,,,,2020-07-12,,,"0, 0, 0, 0, 0, 0, 0, 0, 0, 0, 0, 0, 0, 0, 0, 0, 0, 0, 0, 0, 0, 0, 0, 0",1,
208,animal doctor pronunciation,pk,,,,,,,,,,,2021-10-04,,,"0, 0, 0, 0, 0, 0, 1, 0, 0, 0, 0, 0, 0, 0, 0, 0, 0, 0, 0, 0, 0, 3, 0, 0",2,
209,veterinary doctor income,pk,,,,,,,,10,,,2023-03-30,,,"0, 0, 0, 0, 0, 0, 0, 0, 0, 0, 0, 0, 0, 1, 0, 0, 0, 0, 0, 1, 0, 2, 0, 0",2,
210,veterinary doctor in roorkee,pk,,,,,,,,,,,2023-11-17,,,"0, 0, 0, 0, 0, 0, 0, 0, 0, 0, 0, 0, 0, 0, 0, 0, 0, 0, 0, 0, 0, 0, 0, 0",1,
211,veterinary doctor resume examples,pk,,,,,,,,,,,2023-07-10,,,"0, 0, 0, 0, 0, 0, 0, 0, 0, 0, 0, 0, 0, 0, 0, 0, 0, 0, 0, 0, 0, 0, 0, 0",1,
212,veterinary doctor grade pay,pk,,,,,,,,10,,,2021-01-31,,,"0, 0, 0, 0, 0, 0, 0, 0, 0, 0, 0, 0, 0, 0, 0, 0, 0, 0, 0, 0, 0, 0, 0, 0",1,
213,lahore animal hospital photos,pk,,,,,,,,,,,2023-06-20,,,"0, 0, 0, 0, 0, 0, 0, 0, 0, 0, 0, 0, 0, 0, 0, 0, 0, 0, 0, 0, 0, 0, 0, 0",1,
214,furry friends pets clinic lahore reviews,pk,,,,,,,,,,,2024-10-18,,,"0, 7, 8, 31, 1, 21, 12, 3, 0, 0, 0, 0, 0, 0, 0, 0, 0, 0, 0, 0, 0, 0, 0, 0",1,
215,near animal doctor contact number,pk,,,,,,,,,,,2026-05-25,,,"0, 0, 0, 0, 0, 0, 0, 0, 0, 0, 0, 0, 0, 0, 0, 0, 0, 0, 0, 0, 4, 1, 0, 0",2,
216,scope of veterinary doctor in pakistan,pk,,,,,,,,,,,2015-09-14,,,"0, 0, 0, 0, 0, 0, 0, 0, 0, 0, 13, 6, 0, 0, 0, 0, 0, 0, 0, 0, 0, 0, 0, 0",1,
217,subject for veterinary doctor,pk,,,,,,,,10,,,2022-11-21,,,"0, 0, 0, 0, 0, 0, 0, 0, 0, 0, 0, 0, 0, 0, 0, 0, 0, 0, 0, 0, 0, 0, 0, 0",1,
218,animal doctor palm harbor,pk,,,,,,,,,,,2022-05-01,,,"0, 0, 0, 0, 0, 0, 0, 0, 0, 0, 0, 0, 0, 0, 0, 0, 0, 0, 0, 0, 0, 0, 0, 0",1,
219,animal doctor course fees,pk,,,,,,,,40,,,2022-09-30,,,"0, 0, 1, 3, 2, 2, 1, 0, 0, 0, 0, 1, 0, 0, 0, 1, 1, 0, 0, 0, 1, 2, 0, 0",2,
220,veterinary doctor salary in new zealand,pk,,,,,,,,20,,,2018-12-27,,,"2, 3, 0, 0, 1, 0, 1, 1, 0, 2, 2, 1, 0, 2, 0, 2, 0, 1, 2, 1, 0, 1, 1, 0",2,
221,student doctor veterinary,pk,,,,,,,,50,,,2024-12-06,,,"0, 0, 0, 1, 0, 0, 1, 0, 0, 2, 0, 0, 0, 0, 0, 0, 0, 0, 0, 0, 0, 0, 0, 0",1,
222,hyderabad veterinary doctor,pk,,,,,,,,,,,2020-02-09,,,"0, 0, 0, 0, 0, 0, 0, 0, 0, 0, 0, 0, 0, 0, 0, 0, 0, 0, 0, 0, 0, 0, 0, 0",1,
223,veterinary doctor in hyderabad,pk,,,,,,,,,,,2017-11-19,,,"2, 0, 1, 0, 0, 0, 1, 2, 3, 1, 0, 0, 0, 0, 0, 0, 0, 0, 0, 0, 0, 0, 0, 0",1,
224,veterinary doctor cake design,pk,,,,,,,,10,,,2023-09-05,,,"0, 0, 0, 5, 5, 8, 0, 2, 2, 0, 0, 0, 0, 0, 0, 0, 1, 0, 0, 2, 0, 0, 0, 0",1,
225,how to become animal doctor after 12th,pk,,,,,,,,,,,2024-09-15,,,"1, 0, 3, 0, 0, 2, 0, 0, 0, 0, 0, 2, 0, 0, 0, 0, 0, 0, 0, 0, 0, 0, 0, 0",1,
226,veterinary doctor in islamabad,pk,0,,0.05,,cat doctor near me,2026-07-28 19:22:55,"Local pack,Discussions,People also ask",,70,70,2016-06-20,"Informational,Commercial,Non-branded,Local",English,"0, 1, 0, 0, 0, 0, 0, 0, 0, 0, 7, 1, 0, 0, 0, 1, 2, 0, 0, 0, 0, 0, 0, 0",1,Veterinarians
227,veterinary doctor emergency number,pk,,,,,,,,30,,,2020-07-23,,,"2, 0, 1, 1, 0, 0, 3, 2, 4, 5, 0, 0, 1, 1, 1, 0, 2, 1, 0, 3, 2, 0, 1, 0",2,
228,model town pets clinic lahore,pk,,,,,,,,,,,2023-03-14,,,"16, 11, 29, 6, 6, 5, 5, 0, 0, 0, 0, 0, 0, 0, 0, 0, 0, 0, 0, 0, 0, 0, 0, 0",1,
229,veterinary doctor in jaipur,pk,,,,,,,,30,,,2021-09-21,,,"0, 0, 0, 0, 0, 0, 0, 0, 0, 1, 0, 0, 0, 0, 0, 0, 0, 0, 0, 0, 0, 0, 0, 0",1,
230,veterinary doctor scope in abroad,pk,,,,,,,,10,,,2018-09-29,,,"1, 2, 0, 2, 0, 2, 2, 3, 0, 1, 1, 1, 1, 0, 0, 0, 0, 0, 0, 0, 3, 5, 0, 2",3,
231,veterinary doctor course how many years,pk,,,,,,,,60,,,2022-02-25,,,"0, 0, 0, 0, 0, 0, 0, 0, 0, 0, 1, 0, 0, 0, 0, 0, 0, 0, 0, 0, 0, 0, 0, 0",1,
232,a doctor who treats animal,pk,,,,,,,,30,,,2026-04-08,,,"0, 0, 0, 0, 0, 0, 0, 0, 0, 0, 0, 0, 0, 0, 0, 0, 0, 0, 0, 2, 1, 0, 1, 0",1,
233,is veterinary doctor a gazetted officer,pk,,,,,,,,150,,,2023-04-19,,,"0, 0, 3, 0, 0, 1, 1, 0, 0, 0, 1, 0, 0, 0, 1, 1, 0, 0, 0, 0, 0, 0, 0, 0",1,
234,veterinary doctor admission 2021,pk,,,,,,,,,,,2021-07-14,,,"0, 0, 0, 0, 0, 0, 0, 0, 0, 0, 0, 0, 0, 0, 0, 0, 0, 0, 0, 0, 0, 0, 0, 0",1,
235,veterinary doctor salary in uae per month,pk,,,,,,,,,,,2021-04-25,,,"0, 0, 0, 0, 0, 0, 0, 0, 0, 0, 0, 0, 0, 0, 0, 0, 0, 0, 0, 0, 0, 0, 0, 0",1,
236,veterinary doctor course details,pk,,,,,,,,150,,,2016-03-25,,,"0, 0, 0, 0, 0, 0, 0, 0, 0, 0, 0, 0, 0, 0, 1, 0, 2, 0, 0, 0, 0, 0, 0, 0",1,
237,how to become animal doctor in pakistan,pk,,,,,,,,,,,2016-01-04,,,"0, 0, 0, 0, 0, 0, 0, 0, 0, 0, 0, 0, 0, 0, 0, 0, 0, 0, 0, 0, 0, 0, 0, 0",1,
238,veterinary doctor mean,pk,,,,,,,,10,,,2021-10-13,,,"3, 7, 8, 8, 4, 5, 3, 2, 2, 4, 4, 6, 2, 5, 1, 0, 0, 0, 1, 2, 1, 2, 6, 1",4,
239,veterinary doctor symbol,pk,,,,,,,,50,,,2020-01-16,,,"0, 0, 0, 1, 0, 0, 0, 0, 2, 0, 1, 1, 1, 0, 0, 0, 0, 0, 0, 0, 0, 0, 0, 0",1,
240,nearest veterinary doctor near me,pk,,,,,,,,10,,,2025-06-02,,,"0, 0, 0, 0, 0, 0, 0, 0, 0, 2, 0, 0, 0, 0, 0, 0, 0, 0, 0, 0, 1, 1, 0, 0",1,
241,veterinary cow doctor near me,pk,,,,,,,,10,,,2022-07-07,,,"0, 0, 0, 0, 0, 0, 0, 0, 0, 0, 0, 0, 0, 0, 0, 0, 0, 0, 1, 0, 4, 0, 0, 0",1,
242,animal doctor known as,pk,,,,,,,,20,,,2021-10-03,,,"4, 0, 1, 3, 1, 5, 0, 0, 0, 0, 0, 3, 0, 1, 1, 0, 0, 0, 0, 1, 6, 3, 2, 1",3,
243,toll free number of animal doctor,pk,,,,,,,,10,,,2023-09-29,,,"0, 0, 0, 0, 0, 0, 0, 0, 1, 0, 0, 0, 0, 0, 0, 0, 1, 0, 0, 0, 1, 0, 0, 0",1,
244,dr umar khan veterinary doctor,pk,,,,,,,,,,,2022-12-03,,,"0, 1, 0, 0, 0, 0, 0, 0, 0, 0, 0, 0, 0, 0, 0, 0, 0, 0, 0, 0, 0, 0, 0, 0",1,
245,what to do for veterinary doctor,pk,,,,,,,,20,,,2022-09-26,,,"1, 1, 0, 0, 0, 2, 0, 0, 0, 1, 0, 0, 1, 1, 0, 0, 0, 0, 0, 0, 1, 0, 1, 0",2,
246,petsmall.pk & pets clinic lahore,pk,,,,,,,,,,,2021-10-02,,,"0, 0, 0, 0, 0, 0, 0, 0, 0, 0, 0, 0, 0, 0, 0, 0, 0, 0, 0, 0, 0, 0, 0, 0",1,
247,doctor of veterinary medicine dvm degree salary,pk,,,,,,,,,,,2020-02-14,,,"0, 0, 0, 0, 0, 0, 0, 0, 0, 0, 0, 0, 0, 0, 0, 0, 0, 0, 0, 0, 0, 0, 0, 0",1,
248,veterinary doctor for dogs near me,pk,,,,,,,,10,,,2022-12-07,,,"0, 0, 0, 1, 0, 0, 1, 0, 0, 0, 0, 0, 0, 1, 2, 0, 0, 0, 0, 0, 0, 1, 0, 0",2,
249,what we call animal doctor in english,pk,,,,,,,,,,,2024-01-12,,,"0, 1, 0, 0, 0, 2, 0, 0, 0, 0, 0, 0, 0, 1, 0, 0, 0, 0, 0, 0, 3, 4, 1, 0",3,
250,where there is no animal doctor,pk,,,,,,,,,,,2022-02-09,,,"0, 0, 0, 0, 0, 0, 0, 0, 0, 0, 0, 0, 0, 0, 0, 0, 1, 0, 0, 0, 0, 0, 0, 0",1,
251,pakistani veterinary doctor,pk,,,,,,,,,,,2016-03-24,,,"0, 0, 0, 0, 0, 0, 0, 0, 0, 0, 0, 0, 0, 0, 0, 0, 0, 0, 0, 0, 0, 0, 0, 0",1,
252,veterinary doctor salary in germany,pk,,,,,,,,30,,,2021-03-10,,,"0, 1, 2, 4, 4, 8, 2, 3, 3, 2, 12, 6, 0, 5, 4, 2, 4, 4, 2, 0, 2, 1, 1, 0",2,
253,veterinary doctor full form,pk,,,,,,,,10,,,2024-09-08,,,"3, 0, 0, 0, 0, 0, 2, 1, 0, 0, 1, 2, 0, 0, 0, 0, 0, 0, 0, 0, 2, 1, 2, 0",2,
254,veterinary doctor government near me,pk,,,,,,,,10,,,2024-10-05,,,"0, 1, 0, 0, 0, 0, 0, 1, 0, 0, 0, 0, 0, 0, 0, 0, 0, 1, 1, 0, 4, 1, 0, 0",2,
255,veterinary doctor in gujranwala,pk,,,,,,,,,,,2016-11-22,,,"0, 0, 0, 0, 0, 0, 0, 0, 0, 0, 0, 0, 0, 0, 0, 0, 0, 0, 0, 0, 0, 0, 0, 0",1,
256,course for veterinary doctor,pk,,,,,,,,40,,,2021-03-20,,,"0, 0, 0, 0, 1, 0, 0, 0, 0, 0, 0, 1, 0, 0, 0, 0, 0, 0, 0, 0, 0, 2, 0, 0",2,
257,veterinary doctor symbol in india,pk,,,,,,,,10,,,2023-03-14,,,"0, 0, 0, 0, 0, 0, 0, 0, 0, 0, 0, 0, 0, 0, 0, 0, 0, 0, 0, 0, 0, 0, 0, 0",1,
258,animal ka doctor,pk,,,,,,,,10,,,2025-01-15,,,"0, 0, 0, 0, 1, 1, 0, 0, 0, 0, 1, 4, 2, 1, 0, 0, 0, 0, 0, 0, 0, 1, 1, 0",2,
259,veterinary doctor how to become,pk,,,,,,,,60,,,2023-07-15,,,"1, 0, 0, 0, 1, 0, 0, 0, 1, 0, 0, 2, 0, 3, 1, 0, 0, 0, 0, 0, 0, 0, 0, 0",1,
260,birthday cake for veterinary doctor,pk,,,,,,,,10,,,2021-08-01,,,"1, 0, 3, 5, 0, 0, 3, 0, 2, 3, 1, 0, 0, 0, 1, 0, 0, 0, 0, 1, 0, 0, 1, 0",1,
261,indian veterinary doctor logo,pk,,,,,,,,,,,2016-11-19,,,"0, 0, 0, 0, 0, 0, 0, 0, 0, 0, 0, 0, 0, 0, 0, 0, 0, 0, 0, 0, 0, 0, 0, 0",1,
262,veterinary doctor for goats,pk,,,,,,,,,,,2020-09-25,,,"0, 0, 0, 0, 0, 0, 0, 0, 0, 6, 0, 0, 0, 0, 0, 0, 0, 0, 0, 0, 4, 1, 0, 0",1,
263,veterinary doctor course duration,pk,,,,,,,,200,,,2021-07-30,,,"0, 1, 0, 0, 0, 0, 0, 0, 1, 0, 0, 0, 2, 2, 2, 0, 3, 2, 1, 3, 5, 6, 4, 0",4,
264,doctor dizzy animal,pk,,,,,,,,,,,2023-06-05,,,"0, 0, 0, 0, 0, 0, 0, 0, 0, 0, 0, 0, 0, 0, 0, 0, 0, 0, 0, 0, 0, 0, 0, 0",1,
265,doctor class animal hospital,pk,,,,,,,,70,,,2026-06-29,,,"0, 0, 0, 0, 0, 0, 0, 0, 0, 0, 0, 0, 0, 0, 0, 0, 0, 0, 0, 0, 0, 2, 7, 2",5,
266,veterinary doctor for cow near me,pk,,,,,,,,10,,,2022-05-30,,,"0, 0, 0, 0, 0, 0, 0, 0, 0, 0, 0, 0, 0, 0, 0, 0, 0, 1, 0, 1, 5, 0, 0, 0",1,
267,veterinary doctor faisalabad,pk,,,,,,,,,,,2025-06-03,,,"0, 0, 0, 0, 0, 0, 0, 0, 0, 9, 3, 4, 0, 0, 0, 1, 1, 1, 0, 0, 3, 5, 1, 0",3,
268,veterinary doctor edits,pk,,,,,,,,10,,,2025-10-26,,,"0, 0, 0, 0, 0, 0, 0, 0, 0, 0, 0, 0, 0, 3, 4, 0, 0, 0, 0, 0, 0, 0, 0, 0",1,
269,pay of veterinary doctor,pk,,,,,,,,10,,,2025-03-13,,,"0, 0, 0, 0, 0, 0, 2, 2, 0, 1, 1, 2, 0, 0, 1, 2, 0, 1, 0, 3, 0, 0, 0, 0",1,
270,best veterinary doctor in lucknow,pk,,,,,,,,10,,,2021-11-22,,,"0, 0, 0, 0, 0, 0, 0, 0, 1, 0, 0, 0, 0, 0, 0, 0, 0, 0, 0, 0, 0, 0, 0, 0",1,
271,animal doctor newport center vt,pk,,,,,,,,50,,,2021-06-17,,,"0, 0, 0, 0, 0, 0, 0, 0, 0, 0, 0, 0, 0, 0, 0, 0, 0, 0, 0, 0, 0, 0, 0, 0",1,
272,veterinary doctor starting salary,pk,,,,,,,,10,,,2020-07-07,,,"1, 0, 0, 0, 0, 0, 0, 0, 0, 0, 0, 0, 0, 0, 0, 0, 0, 1, 1, 0, 0, 0, 1, 0",1,
273,abid pets clinic (dha branch) lahore,pk,,,,,,,,,,,2022-08-13,,,"0, 0, 0, 0, 0, 0, 0, 0, 0, 0, 0, 0, 0, 0, 0, 0, 0, 0, 0, 0, 0, 0, 0, 0",1,
274,veterinary doctor helpline number 24 hours,pk,,,,,,,,20,,,2025-01-25,,,"0, 0, 0, 0, 1, 0, 0, 0, 0, 1, 1, 2, 3, 3, 4, 4, 5, 3, 1, 0, 7, 0, 0, 0",1,
275,who is veterinary doctor,pk,,,,,,,,80,,,2021-01-08,,,"23, 7, 13, 6, 14, 8, 9, 14, 5, 7, 6, 15, 1, 4, 2, 6, 4, 3, 4, 6, 3, 7, 2, 8",7,
276,animal doctor diploma course,pk,,,,,,,,20,,,2020-09-14,,,"0, 3, 0, 1, 1, 1, 0, 1, 0, 0, 1, 0, 2, 1, 3, 0, 2, 4, 0, 0, 0, 0, 4, 0",2,
277,veterinary doctor salary in uk per month,pk,,,,,,,,20,,,2023-04-01,,,"1, 3, 5, 1, 2, 3, 1, 6, 6, 5, 7, 2, 5, 0, 0, 0, 1, 3, 2, 5, 2, 2, 3, 2",3,
278,pet pals animal doctor,pk,,,,,,,,20,,,2020-04-13,,,"0, 0, 1, 0, 0, 0, 0, 0, 0, 0, 0, 0, 0, 0, 0, 0, 0, 0, 0, 0, 0, 0, 0, 0",1,
279,course for animal doctor,pk,,,,,,,,20,,,2021-04-08,,,"0, 1, 0, 0, 0, 0, 0, 0, 0, 0, 0, 0, 1, 0, 0, 0, 0, 1, 0, 0, 0, 1, 0, 0",1,
280,role of veterinary doctor,pk,,,,,,,,,,,2021-10-22,,,"0, 0, 0, 0, 0, 0, 0, 0, 0, 0, 0, 0, 1, 0, 0, 0, 0, 0, 0, 0, 0, 0, 0, 0",1,
281,what is the name of the animal doctor,pk,,,,,,,,,,,2021-02-21,,,"6, 1, 1, 1, 0, 0, 0, 0, 0, 0, 0, 0, 0, 0, 0, 0, 0, 0, 0, 0, 0, 0, 0, 2",2,
282,doctor pets clinic lahore,pk,,,,,,,,,,,2026-07-12,,,"0, 0, 0, 0, 0, 0, 0, 0, 0, 0, 0, 0, 0, 0, 0, 0, 0, 0, 0, 0, 0, 0, 12, 0",5,
283,veterinary doctor cover letter,pk,,,,,,,,,,,2021-08-21,,,"0, 0, 0, 0, 0, 0, 0, 0, 0, 0, 0, 0, 0, 0, 0, 0, 0, 0, 0, 0, 0, 0, 0, 0",1,
284,veterinary doctor helpline,pk,,,,,,,,30,,,2020-05-27,,,"0, 0, 0, 0, 0, 0, 0, 0, 0, 3, 0, 6, 1, 1, 1, 0, 2, 2, 1, 6, 6, 3, 4, 0",3,
285,what is animal doctor called in english,pk,,,,,,,,10,,,2025-01-01,,,"0, 0, 0, 0, 3, 0, 0, 0, 0, 0, 0, 0, 0, 1, 1, 0, 1, 1, 3, 3, 3, 0, 3, 0",2,
286,veterinary doctor course fees in private college,pk,,,,,,,,100,,,2022-03-30,,,"3, 4, 6, 0, 2, 1, 2, 0, 0, 1, 1, 0, 0, 1, 0, 0, 0, 1, 0, 0, 1, 0, 0, 0",1,
287,animal doctor ka number,pk,,,,,,,,,,,2025-06-03,,,"0, 0, 0, 0, 0, 0, 0, 0, 0, 2, 0, 0, 0, 3, 0, 0, 2, 0, 0, 1, 0, 0, 0, 0",1,
288,veterinary doctor around me,pk,,,,,,,,10,,,2024-08-18,,,"0, 0, 0, 1, 0, 0, 0, 0, 1, 0, 0, 0, 0, 0, 0, 0, 0, 0, 0, 0, 0, 0, 0, 0",1,
289,what do you call an animal doctor,pk,,,,,,,,60,,,2016-03-16,,,"3, 0, 2, 3, 0, 2, 3, 0, 0, 0, 0, 0, 0, 3, 0, 0, 0, 1, 0, 0, 1, 1, 3, 6",4,
290,doctor of veterinary medicine logo,pk,,,,,,,,10,,,2018-09-25,,,"0, 0, 0, 0, 0, 0, 0, 1, 0, 2, 0, 3, 1, 0, 0, 0, 1, 0, 0, 0, 0, 0, 0, 0",1,
291,veterinary doctor near me within 1.6 km,pk,,,,,,,,20,,,2024-08-09,,,"9, 1, 0, 8, 4, 2, 10, 9, 4, 3, 0, 1, 0, 2, 5, 2, 0, 3, 0, 1, 0, 0, 0, 0",1,
292,large animal veterinary doctor visiting card,pk,,,,,,,,50,,,2020-07-05,,,"0, 1, 0, 1, 0, 0, 0, 3, 1, 0, 0, 1, 0, 0, 4, 5, 3, 3, 6, 2, 0, 2, 0, 8",4,
293,essay on veterinary doctor,pk,,,,,,,,10,,,2020-12-14,,,"1, 0, 0, 0, 0, 0, 0, 0, 0, 0, 0, 0, 0, 0, 0, 0, 0, 0, 0, 0, 0, 0, 0, 0",1,
294,doctor for animal,pk,,,,,,,,40,,,2017-06-25,,,"0, 0, 0, 0, 0, 1, 0, 0, 5, 3, 0, 1, 1, 0, 2, 1, 0, 0, 0, 0, 1, 0, 0, 0",1,
295,what call animal doctor,pk,,,,,,,,10,,,2016-03-27,,,"1, 0, 0, 0, 0, 0, 1, 0, 2, 0, 0, 0, 2, 0, 1, 0, 0, 2, 1, 0, 1, 2, 1, 0",2,
296,veterinary doctor jobs in australia,pk,,,0.15,,,,,20,,,2016-01-29,,,"4, 3, 5, 3, 3, 5, 2, 1, 0, 2, 2, 1, 2, 0, 0, 0, 1, 0, 2, 2, 1, 2, 3, 1",3,
297,how to make animal doctor,pk,,,,,,,,,,,2021-07-26,,,"0, 0, 0, 0, 0, 0, 0, 1, 0, 1, 1, 0, 0, 0, 0, 0, 0, 0, 0, 0, 0, 0, 0, 0",1,
298,courses for veterinary doctor,pk,,,,,,,,20,,,2021-08-29,,,"0, 0, 0, 0, 0, 0, 1, 0, 1, 0, 0, 0, 0, 0, 0, 0, 0, 0, 0, 0, 1, 0, 1, 0",2,
299,veterinary doctor picture,pk,,,,,,,,40,,,2018-03-07,,,"0, 0, 1, 0, 1, 4, 6, 4, 3, 3, 1, 0, 2, 8, 3, 6, 3, 1, 1, 3, 3, 1, 5, 3",4,
300,veterinary doctor jobs in canada,pk,,,0.40,,,,,20,,,2020-02-29,,,"9, 10, 5, 1, 2, 0, 0, 1, 5, 0, 0, 0, 1, 2, 1, 0, 0, 2, 2, 0, 3, 1, 1, 0",2,
301,veterinary doctor govt job,pk,,,,,,,,,,,2021-08-20,,,"0, 0, 0, 0, 0, 0, 0, 0, 0, 0, 0, 0, 0, 0, 0, 0, 0, 0, 0, 0, 0, 0, 0, 0",1,
302,test for veterinary doctor,pk,,,,,,,,10,,,2021-05-24,,,"0, 0, 0, 0, 0, 0, 1, 1, 2, 1, 3, 1, 1, 2, 0, 0, 0, 0, 0, 0, 0, 0, 0, 0",1,
303,veterinary doctor course in canada,pk,,,,,,,,10,,,2020-05-08,,,"0, 0, 0, 0, 0, 0, 0, 0, 0, 0, 0, 2, 0, 0, 0, 0, 0, 0, 0, 1, 0, 0, 0, 0",1,
304,vet in dha lahore,pk,,,,,,,,,,,2017-12-04,,,"0, 0, 0, 0, 0, 0, 0, 0, 0, 0, 0, 0, 0, 0, 0, 0, 0, 0, 0, 0, 0, 0, 0, 0",1,
305,salary of govt veterinary doctor in india,pk,,,,,,,,10,,,2021-03-01,,,"0, 0, 0, 0, 0, 1, 0, 0, 0, 0, 0, 0, 0, 0, 0, 0, 0, 0, 0, 0, 0, 0, 0, 0",1,
306,veterinary doctor bhopal,pk,,,,,,,,10,,,2021-04-22,,,"0, 0, 0, 0, 0, 0, 0, 0, 1, 0, 0, 0, 0, 0, 0, 0, 0, 0, 0, 0, 0, 0, 0, 0",1,
307,dvm (doctor of veterinary medicine),pk,,,,,,,,,,,2018-10-01,,,"0, 0, 0, 0, 0, 0, 0, 0, 0, 0, 0, 0, 4, 1, 0, 0, 0, 2, 0, 0, 0, 0, 0, 0",1,
308,best country for veterinary doctor,pk,,,,,,,,30,,,2022-01-08,,,"4, 1, 1, 2, 2, 0, 0, 3, 1, 5, 5, 4, 4, 3, 3, 3, 3, 2, 5, 3, 1, 2, 3, 7",5,
309,pets care clinic lahore,pk,,,,,,,,,,,2022-02-01,,,"0, 0, 0, 0, 0, 0, 0, 0, 0, 0, 0, 0, 0, 0, 0, 0, 0, 0, 0, 0, 0, 0, 0, 0",1,
310,doctor of veterinary medicine schools,pk,,,,,,,,50,,,2020-08-22,,,"1, 0, 0, 0, 0, 0, 0, 1, 0, 1, 1, 0, 2, 0, 0, 0, 0, 0, 0, 0, 0, 0, 0, 1",2,
311,veterinary doctor complaint number,pk,,,,,,,,20,,,2021-03-12,,,"0, 0, 0, 0, 0, 0, 0, 0, 0, 0, 0, 0, 0, 0, 0, 1, 0, 0, 0, 0, 0, 0, 0, 1",1,
312,wallpaper veterinary doctor logo,pk,,,,,,,,10,,,2023-11-12,,,"0, 0, 0, 0, 0, 0, 0, 0, 1, 0, 0, 0, 1, 0, 0, 0, 0, 0, 0, 0, 0, 1, 0, 0",1,
313,what we say to animal doctor,pk,,,,,,,,10,,,2022-01-16,,,"2, 1, 0, 0, 0, 0, 1, 0, 0, 0, 0, 0, 0, 0, 0, 0, 1, 2, 1, 2, 3, 2, 2, 0",2,
314,veterinary doctor how many years,pk,,,,,,,,70,,,2020-12-09,,,"0, 0, 0, 0, 0, 0, 0, 0, 0, 0, 0, 0, 0, 0, 0, 1, 0, 1, 0, 2, 0, 0, 0, 0",1,
315,animal doctor florence sc,pk,,,,,,,,10,,,2023-04-21,,,"0, 0, 0, 0, 0, 0, 0, 0, 0, 0, 0, 0, 0, 0, 0, 0, 0, 0, 0, 0, 0, 0, 0, 0",1,
316,animal doctor salary per month,pk,,,,,,,,30,,,2020-03-15,,,"0, 0, 1, 0, 0, 0, 0, 0, 0, 0, 1, 2, 4, 1, 0, 2, 1, 0, 1, 3, 1, 1, 2, 1",2,
317,rabbit veterinary doctor near me,pk,,,,,,,,50,,,2025-04-09,,,"0, 0, 0, 0, 0, 0, 0, 1, 0, 0, 0, 0, 0, 0, 0, 0, 0, 0, 5, 2, 0, 0, 0, 0",1,
318,qualification for veterinary doctor,pk,,,,,,,,90,,,2016-06-12,,,"1, 1, 0, 1, 1, 1, 2, 0, 0, 0, 2, 1, 0, 2, 3, 1, 1, 0, 1, 1, 0, 0, 0, 0",1,
319,cv for veterinary doctor,pk,,,,,,,,30,,,2022-05-23,,,"2, 0, 0, 0, 5, 1, 3, 4, 0, 0, 0, 0, 4, 1, 2, 2, 3, 1, 0, 7, 5, 5, 9, 12",9,
320,veterinary doctor after 10th,pk,,,,,,,,10,,,2022-09-05,,,"0, 0, 0, 0, 0, 0, 0, 0, 0, 1, 0, 0, 0, 0, 0, 0, 0, 0, 1, 0, 0, 0, 0, 0",1,
321,animal doctor hernando,pk,,,,,,,,40,,,2024-10-17,,,"0, 1, 0, 1, 0, 1, 1, 1, 0, 1, 0, 0, 0, 0, 0, 0, 0, 0, 0, 0, 0, 0, 0, 0",1,
322,al rehman veterinary clinic lahore,pk,,,,,,,,,,,2026-02-27,,,"0, 0, 0, 0, 0, 0, 0, 0, 0, 0, 0, 0, 0, 0, 0, 0, 0, 10, 3, 5, 0, 0, 0, 0",1,
323,what colleges offer doctor of veterinary medicine,pk,,,,,,,,,,,2024-04-12,,,"1, 0, 1, 0, 0, 0, 0, 0, 0, 0, 0, 0, 0, 0, 0, 0, 0, 0, 0, 0, 0, 0, 0, 0",1,
324,abdullah pets clinic lahore,pk,,,,,,,,,,,2024-09-01,,,"6, 5, 0, 3, 5, 2, 0, 0, 0, 0, 0, 0, 0, 0, 0, 0, 0, 0, 0, 0, 0, 0, 0, 0",1,
325,government animal doctor salary,pk,,,,,,,,10,,,2023-06-06,,,"0, 0, 0, 0, 0, 0, 0, 0, 0, 0, 0, 0, 1, 0, 0, 0, 0, 0, 0, 0, 0, 0, 1, 0",1,
326,small animal hospital lahore,pk,,,,,,,,,,,2016-04-18,,,"0, 0, 0, 0, 0, 0, 0, 0, 0, 0, 0, 0, 0, 0, 0, 0, 0, 0, 0, 0, 0, 0, 0, 0",1,
327,veterinary doctor qualifications,pk,,,,,,,,10,,,2022-10-25,,,"0, 0, 1, 0, 0, 0, 0, 0, 0, 0, 0, 1, 0, 0, 0, 1, 1, 0, 0, 0, 0, 0, 0, 0",1,
328,doctor smith wants to know how many veterinary students,pk,,,,,,,,,,,2021-09-26,,,"0, 0, 0, 0, 0, 0, 0, 0, 0, 0, 0, 0, 0, 0, 0, 0, 0, 0, 0, 0, 0, 0, 0, 0",1,
329,doctor of veterinary medicine murdoch,pk,,,,,,,,,,,2023-04-03,,,"0, 0, 0, 0, 0, 0, 0, 1, 0, 0, 0, 0, 0, 0, 0, 0, 2, 0, 0, 0, 0, 0, 0, 0",1,
330,animal doctor number near me,pk,,,,,,,,10,,,2020-05-06,,,"1, 2, 0, 4, 2, 1, 0, 2, 4, 3, 5, 3, 2, 0, 7, 2, 3, 0, 0, 7, 4, 1, 0, 0",1,
331,veterinary doctor in wah cantt,pk,,,,,,,,,,,2017-07-01,,,"0, 0, 0, 0, 0, 0, 0, 0, 0, 0, 0, 0, 0, 0, 0, 0, 0, 0, 0, 0, 0, 0, 0, 0",1,
332,xxx animal doctor,pk,,,,,,,,,,,2023-09-05,,,"0, 0, 0, 0, 0, 0, 0, 0, 0, 0, 0, 0, 0, 0, 0, 0, 0, 0, 0, 0, 0, 0, 0, 0",1,
333,veterinary doctor near me government,pk,,,,,,,,30,,,2021-03-23,,,"0, 1, 0, 0, 0, 0, 0, 2, 3, 1, 0, 0, 0, 1, 0, 0, 0, 1, 0, 2, 4, 3, 2, 0",3,
334,animal doctor name pronunciation,pk,,,,,,,,,,,2021-08-08,,,"0, 0, 0, 0, 0, 0, 0, 0, 0, 0, 0, 0, 0, 0, 0, 0, 0, 0, 0, 0, 1, 0, 0, 0",1,
335,latest veterinary doctor jobs uae,pk,,,,,,,,,,,2020-01-22,,,"0, 0, 0, 0, 0, 0, 0, 0, 0, 0, 0, 0, 0, 0, 0, 0, 0, 0, 0, 0, 0, 0, 0, 0",1,
336,about veterinary doctor,pk,,,,,,,,50,,,2016-04-20,,,"2, 0, 2, 0, 0, 0, 1, 2, 1, 0, 2, 0, 0, 2, 0, 0, 0, 0, 1, 0, 0, 0, 2, 0",2,
337,furry friends pets clinic lahore,pk,,,,,,,,,,,2024-09-30,,,"3, 111, 45, 108, 43, 30, 27, 40, 42, 1, 0, 0, 0, 0, 0, 0, 0, 1, 0, 0, 0, 0, 0, 0",1,
338,animal doctor short form,pk,,,,,,,,10,,,2025-10-19,,,"0, 0, 0, 0, 0, 0, 0, 0, 0, 0, 0, 0, 0, 2, 0, 0, 0, 1, 2, 1, 5, 0, 5, 0",3,
339,veterinary doctor private college fees,pk,,,,,,,,80,,,2022-07-09,,,"0, 0, 1, 0, 0, 0, 0, 0, 0, 0, 0, 0, 0, 0, 0, 0, 0, 1, 1, 0, 0, 0, 0, 0",1,
340,doctor of veterinary medicine salary in pakistan,pk,,,,,,,,,,,2015-11-30,,,"0, 0, 0, 0, 0, 0, 0, 0, 0, 0, 0, 0, 0, 0, 0, 0, 0, 0, 0, 0, 0, 0, 0, 0",1,
341,animal doctor brooklyn,pk,,,,,,,,50,,,2022-10-29,,,"0, 0, 0, 0, 0, 0, 1, 2, 0, 1, 0, 0, 0, 0, 0, 0, 0, 0, 0, 0, 0, 0, 0, 0",1,
342,salary for veterinary doctor in abroad,pk,,,,,,,,,,,2022-09-29,,,"0, 0, 0, 0, 0, 0, 0, 0, 0, 0, 1, 0, 0, 0, 0, 0, 0, 0, 0, 0, 0, 0, 0, 0",1,
343,how to become a veterinary doctor in pakistan,pk,,,,,,,,,,,2016-02-12,,,"12, 6, 0, 0, 0, 0, 0, 2, 2, 2, 6, 5, 1, 0, 0, 2, 0, 1, 2, 2, 0, 0, 2, 0",2,
344,government veterinary doctor salary,pk,,,,,,,,40,,,2023-04-26,,,"0, 0, 0, 0, 0, 0, 0, 0, 0, 1, 0, 0, 0, 0, 0, 0, 0, 0, 0, 0, 1, 0, 0, 0",1,
345,veterinary doctor delhi,pk,,,,,,,,30,,,2020-10-28,,,"0, 0, 0, 0, 0, 0, 0, 0, 0, 0, 0, 0, 1, 0, 0, 0, 1, 2, 0, 0, 1, 0, 0, 0",1,
346,veterinary doctor merit list 2021,pk,,,,,,,,,,,2022-06-28,,,"0, 0, 0, 0, 0, 0, 0, 0, 0, 0, 0, 0, 0, 0, 0, 0, 0, 0, 0, 0, 0, 0, 0, 0",1,
347,animal doctor near me government,pk,,,,,,,,10,,,2022-12-14,,,"0, 0, 0, 0, 0, 0, 0, 3, 0, 0, 2, 0, 0, 0, 0, 1, 1, 0, 0, 0, 3, 4, 0, 0",2,
348,animal doctor picture,pk,,,,,,,,10,,,2020-12-18,,,"0, 1, 1, 0, 0, 0, 2, 0, 1, 0, 1, 0, 0, 4, 0, 0, 0, 1, 0, 0, 0, 0, 0, 0",1,
349,veterinary doctor online consultation india,pk,,,,,,,,,,,2021-09-04,,,"0, 0, 0, 0, 0, 0, 0, 0, 0, 0, 0, 0, 0, 0, 0, 0, 0, 0, 0, 0, 0, 0, 0, 0",1,
350,animal doctor meaning in english,pk,,,,,,,,,,,2021-01-21,,,"1, 1, 0, 0, 0, 1, 1, 0, 1, 1, 4, 0, 1, 1, 0, 0, 1, 3, 2, 3, 0, 0, 0, 0",1,
351,doctor of veterinary medicine colleges,pk,,,,,,,,30,,,2024-01-07,,,"0, 0, 0, 0, 0, 2, 0, 0, 0, 3, 0, 0, 0, 0, 0, 0, 0, 0, 0, 1, 0, 0, 0, 0",1,
352,veterinary doctor bike,pk,,,,,,,,10,,,2025-07-04,,,"0, 0, 0, 0, 0, 0, 0, 0, 0, 0, 9, 10, 12, 0, 2, 0, 0, 2, 1, 0, 0, 0, 0, 0",1,
353,doctor of animal is known as,pk,,,,,,,,,,,2023-12-25,,,"4, 0, 3, 1, 4, 1, 1, 0, 1, 2, 0, 1, 0, 0, 0, 0, 0, 0, 0, 0, 0, 0, 0, 0",1,
354,best gift for veterinary doctor,pk,,,,,,,,20,,,2025-01-09,,,"0, 0, 0, 0, 3, 0, 0, 0, 2, 0, 0, 0, 0, 0, 0, 0, 0, 1, 0, 0, 0, 0, 0, 0",1,
355,the animal doctor broomfield,pk,,,,,,,,30,,,2021-11-21,,,"0, 0, 0, 0, 0, 0, 0, 0, 0, 0, 0, 0, 0, 0, 0, 0, 0, 0, 0, 0, 0, 0, 0, 0",1,
356,nearest animal doctor,pk,,,,,,,,70,,,2020-07-28,,,"0, 0, 0, 1, 0, 2, 1, 1, 1, 3, 1, 0, 0, 2, 0, 0, 1, 1, 1, 5, 4, 2, 0, 0",2,
357,veterinary doctor jobs in germany,pk,,,,,,,,,,,2016-05-02,,,"0, 0, 0, 0, 0, 2, 1, 1, 0, 0, 0, 1, 0, 2, 1, 0, 0, 0, 0, 0, 0, 0, 0, 0",1,
358,veterinary doctor free consultation online,pk,,,,,,,,,,,2022-10-20,,,"0, 0, 0, 0, 0, 0, 0, 0, 0, 0, 0, 0, 0, 1, 1, 0, 0, 0, 0, 0, 0, 0, 0, 0",1,
359,what are animal doctor called,pk,,,,,,,,,,,2020-10-21,,,"0, 2, 1, 0, 0, 0, 0, 0, 0, 0, 0, 0, 0, 0, 0, 0, 0, 0, 0, 0, 0, 0, 0, 0",1,
360,veterinary doctor university,pk,,,,,,,,,,,2022-06-02,,,"2, 0, 0, 1, 1, 0, 0, 0, 0, 1, 1, 0, 1, 0, 0, 0, 0, 0, 0, 0, 0, 0, 0, 0",1,
361,animal hospital roblox characters doctor,pk,,,,,,,,,,,2026-07-18,,,"0, 0, 0, 0, 0, 0, 0, 0, 0, 0, 0, 0, 0, 0, 0, 0, 0, 0, 0, 0, 0, 0, 4, 0",2,
362,rogers arkansas animal doctor,pk,,,,,,,,,,,2020-02-18,,,"0, 0, 0, 0, 0, 0, 0, 0, 0, 0, 0, 0, 0, 0, 0, 0, 0, 0, 0, 0, 0, 0, 0, 0",1,
363,how to be animal doctor,pk,,,,,,,,,,,2022-10-03,,,"0, 0, 0, 0, 1, 0, 1, 0, 1, 0, 1, 0, 0, 0, 0, 0, 0, 0, 0, 0, 0, 0, 0, 0",1,
364,zakria pets clinic & mart lahore,pk,,,,,,,,,,,2023-06-13,,,"2, 0, 0, 0, 3, 0, 8, 7, 0, 0, 0, 0, 0, 0, 0, 0, 0, 0, 0, 0, 0, 0, 0, 0",1,
365,veterinary doctor online help,pk,,,,,,,,,,,2020-04-27,,,"0, 0, 0, 0, 0, 0, 0, 0, 0, 0, 0, 0, 0, 0, 0, 0, 0, 0, 0, 0, 0, 0, 0, 0",1,
366,how much does animal doctor earn,pk,,,,,,,,,,,2023-06-06,,,"0, 0, 0, 0, 0, 0, 0, 0, 0, 1, 0, 1, 0, 0, 0, 0, 0, 0, 0, 0, 0, 0, 0, 0",1,
367,how much a veterinary doctor earn in usa,pk,,,,,,,,40,,,2025-11-05,,,"0, 0, 0, 0, 0, 0, 0, 0, 0, 0, 0, 0, 0, 0, 1, 0, 0, 1, 0, 0, 0, 1, 2, 1",2,
368,emotional support animal doctor,pk,,,,,,,,50,,,2020-01-20,,,"0, 0, 0, 0, 0, 0, 0, 0, 2, 0, 1, 0, 0, 0, 0, 0, 0, 0, 0, 0, 0, 0, 0, 0",1,
369,how to become a veterinary doctor after 10th,pk,,,,,,,,10,,,2020-12-22,,,"0, 0, 0, 0, 0, 0, 0, 0, 0, 0, 0, 0, 0, 0, 0, 1, 0, 0, 0, 0, 0, 0, 0, 0",1,
370,veterinary doctor meaning in urdu and examples,pk,,,,,,,,,,,2026-01-13,,,"0, 0, 0, 0, 0, 0, 0, 0, 0, 0, 0, 0, 0, 0, 0, 0, 3, 10, 4, 1, 0, 0, 0, 1",2,
371,veterinary doctor salary in europe per month,pk,,,,,,,,80,,,2026-06-11,,,"0, 0, 0, 0, 0, 0, 0, 0, 0, 0, 0, 0, 0, 0, 0, 0, 0, 0, 0, 0, 0, 2, 1, 1",2,
372,veterinary doctor school,pk,,,,,,,,10,,,2021-03-01,,,"0, 0, 0, 0, 0, 0, 0, 0, 0, 0, 0, 0, 0, 0, 0, 0, 0, 0, 0, 0, 0, 1, 0, 0",1,
373,what is the monthly income of veterinary doctor,pk,,,,,,,,,,,2023-07-08,,,"0, 0, 0, 0, 0, 0, 0, 0, 0, 0, 0, 0, 0, 0, 0, 0, 0, 0, 0, 0, 0, 0, 0, 0",1,
374,al raha veterinary clinic and pet shop lahore,pk,,,,,,,,,,,2024-04-18,,,"1, 0, 0, 0, 0, 2, 0, 0, 0, 0, 0, 0, 0, 0, 0, 0, 0, 0, 0, 0, 0, 0, 0, 0",1,
375,veterinary doctor group a gazetted officer,pk,,,,,,,,10,,,2023-02-26,,,"0, 0, 4, 0, 0, 0, 0, 1, 0, 0, 0, 0, 0, 0, 0, 0, 0, 0, 0, 0, 0, 0, 0, 0",1,
376,veterinary doctor cv,pk,,,,,,,,,,,2015-12-30,,,"0, 0, 0, 0, 12, 11, 4, 0, 0, 0, 0, 0, 0, 0, 0, 0, 0, 0, 0, 0, 0, 0, 0, 0",1,
377,veterinary doctor near my location,pk,,,,,,,,,,,2020-01-18,,,"0, 0, 0, 0, 0, 0, 0, 0, 0, 1, 1, 0, 0, 0, 0, 0, 0, 0, 0, 0, 0, 0, 0, 0",1,
378,doctor treating animal bite,pk,,,,,,,,20,,,2026-04-14,,,"0, 0, 0, 0, 0, 0, 0, 0, 0, 0, 0, 0, 0, 0, 0, 0, 0, 0, 0, 2, 4, 1, 0, 0",1,
379,what is the name of doctor that treat animal,pk,,,,,,,,30,,,2022-07-17,,,"6, 1, 0, 1, 0, 0, 1, 0, 0, 1, 1, 2, 0, 0, 1, 0, 0, 0, 1, 0, 0, 0, 2, 0",2,
380,veterinary doctor logo image,pk,,,,,,,,10,,,2021-01-22,,,"1, 0, 0, 0, 0, 0, 0, 0, 0, 0, 0, 0, 0, 0, 0, 0, 0, 0, 0, 0, 0, 0, 0, 0",1,
381,veterinary doctor salary in india,pk,,,,,,,,150,,,2017-10-14,,,"0, 0, 0, 0, 1, 3, 1, 0, 1, 0, 1, 0, 0, 0, 0, 0, 0, 0, 0, 0, 0, 0, 0, 0",1,
382,how to be an animal doctor,pk,,,,,,,,,,,2022-11-08,,,"0, 0, 0, 0, 0, 0, 0, 0, 0, 0, 0, 0, 0, 0, 0, 0, 0, 0, 0, 0, 0, 0, 0, 0",1,
383,veterinary doctor number,pk,,,,,,,,30,,,2021-02-15,,,"1, 4, 0, 1, 0, 2, 0, 1, 1, 1, 0, 1, 4, 0, 1, 1, 0, 2, 3, 1, 1, 0, 1, 0",2,
384,what do u call an animal doctor,pk,,,,,,,,,,,2023-11-08,,,"0, 0, 0, 0, 0, 0, 0, 0, 0, 0, 0, 0, 0, 0, 0, 0, 0, 0, 0, 0, 0, 0, 0, 0",1,
385,visiting card of veterinary doctor,pk,,,,,,,,,,,2020-07-03,,,"0, 0, 0, 0, 0, 0, 0, 0, 0, 0, 0, 0, 0, 0, 0, 0, 0, 0, 0, 0, 0, 0, 0, 0",1,
386,veterinary doctor salary in oman,pk,,,,,,,,,,,2021-10-23,,,"1, 1, 4, 1, 3, 2, 0, 0, 1, 4, 8, 0, 0, 0, 0, 0, 0, 0, 0, 0, 0, 0, 0, 0",1,
387,veterinary doctor salary in pakistan per month,pk,,,,,,,,,,,2021-03-18,,,"17, 7, 1, 0, 0, 0, 0, 0, 0, 0, 0, 0, 0, 0, 0, 0, 0, 0, 0, 0, 0, 0, 0, 0",1,
388,animal doctor ko english mein kya kahate hain,pk,,,,,,,,,,,2023-04-21,,,"0, 1, 0, 0, 0, 0, 0, 0, 0, 0, 0, 1, 0, 0, 1, 0, 1, 0, 1, 2, 1, 0, 2, 0",2,
389,salary veterinary doctor,pk,,,,,,,,10,,,2021-11-15,,,"0, 0, 1, 0, 0, 0, 0, 1, 0, 2, 0, 0, 0, 0, 0, 0, 0, 0, 0, 0, 0, 1, 0, 0",2,
390,animal doctor visiting card,pk,,,,,,,,70,,,2019-05-21,,,"4, 10, 21, 18, 12, 14, 4, 3, 5, 6, 2, 2, 8, 1, 7, 4, 2, 1, 3, 4, 4, 6, 4, 3",5,
391,veterinary doctor in usa,pk,,,,,,,,,,,2020-09-06,,,"3, 1, 5, 1, 4, 2, 0, 0, 0, 0, 0, 0, 0, 0, 0, 0, 0, 0, 1, 0, 0, 0, 0, 0",1,
392,veterinary doctor jobs in usa,pk,,,,,,,,10,,,2021-10-02,,,"0, 0, 0, 0, 0, 0, 0, 0, 2, 0, 1, 0, 0, 1, 0, 0, 0, 0, 0, 0, 0, 0, 0, 0",1,
393,animal doctor canton ga,pk,,,,,,,,60,,,2021-06-06,,,"0, 0, 0, 0, 0, 0, 1, 0, 0, 0, 0, 0, 0, 0, 0, 0, 0, 0, 0, 0, 0, 0, 0, 0",1,
394,emotional support animal letter doctor,pk,,,,,,,,50,,,2023-08-01,,,"0, 0, 0, 0, 0, 0, 0, 0, 0, 0, 0, 0, 0, 0, 0, 0, 0, 0, 0, 0, 0, 0, 0, 0",1,
395,veterinarian veterinary doctor logo,pk,,,,,,,,,,,2020-12-27,,,"0, 0, 0, 0, 0, 0, 0, 0, 0, 0, 0, 0, 0, 0, 0, 0, 0, 0, 0, 0, 0, 0, 0, 0",1,
396,sea animal doctor,pk,,,,,,,,10,,,2021-11-10,,,"1, 0, 0, 0, 0, 0, 0, 0, 0, 0, 0, 0, 0, 0, 0, 0, 0, 0, 0, 0, 0, 0, 0, 0",1,
397,vet animal doctor,pk,,,,,,,,50,,,2018-11-21,,,"0, 0, 2, 1, 1, 0, 0, 0, 0, 1, 0, 1, 3, 4, 2, 0, 0, 2, 0, 4, 1, 1, 0, 0",1,
398,cake for veterinary doctor,pk,,,,,,,,10,,,2021-05-13,,,"8, 8, 4, 7, 0, 3, 2, 1, 1, 0, 0, 1, 0, 0, 0, 0, 0, 0, 0, 1, 0, 1, 0, 0",1,
399,veterinary doctor salary in japan,pk,,,,,,,,10,,,2024-05-23,,,"2, 0, 0, 0, 0, 0, 0, 0, 0, 1, 0, 0, 0, 0, 0, 0, 0, 0, 0, 0, 0, 0, 2, 1",2,
400,veterinary doctor in canada,pk,,,,,,,,,,,2020-11-28,,,"2, 1, 0, 2, 0, 0, 0, 0, 0, 0, 0, 4, 0, 0, 0, 0, 0, 0, 0, 0, 0, 0, 0, 0",1,
401,animal bite specialist doctor,pk,,,,,,,,50,,,2020-11-03,,,"1, 0, 0, 0, 0, 0, 0, 0, 0, 0, 0, 0, 0, 0, 0, 0, 0, 0, 0, 0, 0, 2, 0, 0",2,
402,veterinary doctor meaning in hindi,pk,,,,,,,,60,,,2016-02-01,,,"0, 0, 0, 0, 0, 0, 0, 0, 0, 0, 1, 1, 1, 25, 0, 1, 1, 1, 0, 0, 0, 0, 0, 0",1,
403,veterinary doctor course in pakistan,pk,,,,,,,,,,,2016-10-19,,,"25, 27, 8, 22, 20, 25, 14, 0, 5, 14, 9, 4, 1, 2, 2, 2, 2, 3, 3, 2, 1, 0, 4, 16",7,
404,veterinary doctor in ahmedabad,pk,,,,,,,,,,,2023-07-26,,,"0, 0, 1, 0, 0, 0, 0, 1, 0, 1, 0, 0, 1, 0, 0, 0, 0, 0, 0, 0, 0, 0, 0, 0",1,
405,veterinary doctor salary in saudi arabia,pk,,,,,,,,10,,,2018-01-18,,,"4, 3, 0, 4, 7, 9, 0, 2, 0, 2, 3, 2, 9, 6, 3, 3, 2, 3, 3, 3, 0, 0, 0, 0",1,
406,animal doctor near me within 5 mi,pk,,,,,,,,,,,2024-06-22,,,"0, 0, 0, 0, 0, 0, 0, 0, 0, 0, 0, 0, 0, 0, 0, 0, 0, 0, 0, 0, 0, 0, 0, 0",1,
407,veterinary doctor registration check,pk,,,,,,,,,,,2021-11-21,,,"0, 0, 0, 0, 0, 0, 0, 0, 0, 0, 0, 0, 0, 0, 0, 0, 0, 0, 0, 0, 0, 0, 0, 0",1,
408,veterinary doctor kya hota hai,pk,,,,,,,,100,,,2023-07-31,,,"0, 0, 0, 0, 0, 0, 0, 2, 0, 0, 0, 0, 0, 0, 0, 0, 0, 0, 1, 0, 0, 1, 0, 0",2,
409,best veterinary doctor,pk,,,,,,,,200,,,2020-07-08,,,"2, 2, 2, 0, 3, 1, 0, 9, 1, 2, 0, 0, 0, 1, 4, 0, 1, 0, 3, 2, 1, 1, 2, 0",2,
410,animal doctor milano,pk,,,,,,,,30,,,2020-03-11,,,"0, 0, 0, 0, 0, 0, 0, 0, 0, 0, 0, 0, 0, 0, 0, 1, 0, 0, 0, 1, 2, 0, 0, 0",1,
411,what we call a animal doctor,pk,,,,,,,,10,,,2021-10-02,,,"7, 0, 1, 1, 0, 0, 0, 1, 0, 0, 5, 0, 3, 2, 0, 0, 0, 1, 0, 0, 0, 1, 2, 1",2,
412,animal doctor in rawalpindi,pk,,,0.15,,,,,,,,2016-09-11,,,"0, 0, 0, 0, 0, 0, 0, 0, 0, 0, 0, 0, 0, 0, 0, 0, 0, 0, 0, 0, 0, 0, 0, 0",1,
413,veterinary doctor fees structure,pk,,,,,,,,10,,,2024-03-15,,,"4, 1, 0, 0, 0, 0, 0, 0, 2, 0, 0, 4, 0, 1, 0, 0, 0, 0, 0, 0, 1, 0, 0, 0",1,
414,what is the work of veterinary doctor,pk,,,,,,,,10,,,2023-10-26,,,"1, 0, 2, 0, 0, 0, 0, 0, 0, 1, 0, 0, 0, 1, 0, 0, 0, 0, 0, 0, 1, 0, 0, 0",1,
415,veterinary doctor specialization,pk,,,,,,,,10,,,2021-10-22,,,"1, 0, 0, 0, 0, 0, 0, 0, 2, 3, 0, 1, 2, 0, 0, 0, 0, 0, 2, 2, 0, 0, 0, 0",1,
416,lahore animal hospital lahore 53700,pk,,,,,,,,,,,2017-03-23,,,"0, 0, 0, 0, 0, 0, 0, 0, 0, 0, 0, 0, 0, 0, 0, 0, 0, 0, 0, 0, 0, 0, 0, 0",1,
417,emergency animal doctor,pk,,,,,,,,40,,,2020-03-17,,,"0, 1, 1, 0, 0, 1, 0, 0, 0, 1, 0, 0, 0, 0, 0, 1, 0, 0, 0, 0, 3, 0, 0, 0",1,
418,near me animal doctor,pk,,,,,,,,30,,,2020-05-27,,,"0, 0, 0, 0, 3, 1, 3, 2, 5, 1, 6, 1, 6, 0, 0, 1, 2, 2, 5, 0, 12, 3, 3, 1",3,
419,best veterinary doctor in chennai,pk,,,,,,,,20,,,2022-11-30,,,"0, 0, 0, 0, 1, 0, 0, 0, 0, 0, 0, 0, 0, 0, 0, 0, 0, 0, 0, 0, 0, 0, 0, 0",1,
420,veterinary doctor job,pk,,,,,,,,30,,,2020-03-03,,,"0, 0, 5, 0, 5, 4, 5, 8, 0, 3, 1, 0, 0, 0, 0, 0, 1, 3, 3, 1, 0, 2, 0, 0",2,
421,animal doctor call number,pk,,,,,,,,10,,,2025-04-03,,,"0, 0, 0, 0, 0, 0, 0, 1, 5, 5, 4, 5, 0, 0, 0, 0, 0, 0, 0, 1, 1, 2, 3, 0",3,
422,veterinary doctor dress,pk,,,,,,,,30,,,2022-07-16,,,"3, 4, 2, 1, 1, 4, 0, 0, 0, 0, 1, 4, 5, 0, 4, 0, 4, 4, 1, 0, 3, 1, 3, 3",3,
423,animal eye doctor near me,pk,,,,,,,,150,,,2021-07-12,,,"1, 0, 0, 0, 0, 0, 0, 0, 0, 0, 1, 0, 0, 0, 0, 0, 0, 0, 0, 0, 1, 0, 0, 0",1,
424,govt animal doctor near me,pk,,,,,,,,10,,,2022-05-17,,,"0, 0, 0, 0, 0, 1, 2, 0, 1, 0, 0, 0, 1, 0, 1, 2, 0, 0, 0, 3, 3, 1, 1, 1",2,
425,pets world pet clinic lahore,pk,,,,,,,,,,,2020-04-14,,,"0, 0, 0, 0, 0, 0, 0, 0, 0, 0, 0, 0, 0, 0, 0, 0, 0, 0, 0, 0, 0, 0, 0, 0",1,
426,animal doctor sex,pk,,,,,,,,,,,2020-03-15,,,"0, 0, 0, 0, 0, 0, 0, 0, 0, 0, 0, 0, 0, 0, 0, 0, 0, 0, 1, 0, 0, 0, 0, 0",1,
427,doctor of veterinary medicine dvm degree,pk,,,,,,,,10,,,2020-07-27,,,"0, 0, 0, 0, 0, 0, 0, 0, 0, 0, 0, 0, 0, 0, 0, 0, 0, 0, 0, 0, 0, 0, 0, 0",1,
428,the name of animal doctor,pk,,,,,,,,,,,2024-07-04,,,"1, 0, 0, 0, 0, 0, 0, 0, 0, 0, 1, 0, 0, 0, 0, 0, 0, 0, 0, 0, 0, 0, 0, 0",1,
429,little fox animal doctor,pk,,,,,,,,200,,,2020-07-28,,,"0, 0, 0, 1, 0, 1, 0, 1, 0, 0, 0, 0, 0, 0, 0, 0, 0, 0, 0, 0, 0, 0, 0, 0",1,
430,what is the course of animal doctor,pk,,,,,,,,,,,2022-09-01,,,"2, 0, 0, 0, 0, 1, 1, 0, 0, 1, 0, 0, 0, 0, 0, 0, 0, 0, 0, 0, 0, 0, 0, 0",1,
431,best animal doctor in the world,pk,,,,,,,,,,,2022-10-08,,,"0, 0, 0, 0, 0, 0, 0, 0, 0, 0, 0, 0, 0, 0, 0, 0, 0, 0, 0, 0, 0, 0, 0, 0",1,
432,veterinary doctor apron,pk,,,,,,,,10,,,2025-09-01,,,"0, 0, 0, 0, 0, 0, 0, 0, 0, 0, 0, 0, 1, 0, 3, 0, 2, 0, 0, 0, 0, 0, 0, 0",1,
433,how to be a veterinary doctor,pk,,,,,,,,200,,,2016-08-08,,,"4, 2, 2, 0, 1, 1, 0, 0, 2, 1, 2, 1, 0, 2, 0, 0, 3, 0, 1, 0, 0, 0, 0, 0",1,
434,veterinary doctor training,pk,,,,,,,,10,,,2020-08-21,,,"2, 0, 0, 0, 0, 0, 0, 0, 0, 0, 1, 0, 0, 0, 0, 0, 0, 0, 1, 0, 0, 0, 0, 0",1,
435,salary of veterinary doctor in dubai,pk,,,,,,,,10,,,2021-08-20,,,"0, 2, 0, 0, 0, 1, 0, 0, 3, 1, 3, 3, 1, 2, 1, 0, 1, 1, 0, 0, 0, 1, 0, 0",1,
436,doctor note template for emotional support animal,pk,,,,,,,,,,,2023-03-12,,,"0, 0, 1, 0, 0, 0, 0, 0, 0, 0, 0, 0, 0, 0, 0, 0, 0, 0, 0, 0, 0, 0, 0, 0",1,
437,animal doctor veterinary clinic,pk,,,,,,,,10,,,2019-02-20,,,"0, 0, 0, 0, 0, 0, 0, 0, 0, 0, 0, 0, 0, 0, 0, 0, 0, 1, 1, 0, 0, 0, 0, 0",1,
438,veterinary doctor education qualification,pk,,,,,,,,40,,,2020-04-01,,,"0, 0, 0, 0, 0, 0, 2, 0, 0, 1, 0, 0, 0, 0, 2, 0, 1, 1, 1, 1, 7, 0, 0, 0",1,
439,veterinary doctor hyderabad,pk,,,,,,,,60,,,2017-11-14,,,"4, 2, 1, 2, 2, 0, 5, 1, 5, 2, 0, 3, 1, 1, 1, 1, 0, 0, 0, 1, 0, 1, 2, 1",2,
440,how to become veterinary doctor in pakistan,pk,,,,,,,,,,,2016-10-25,,,"21, 13, 3, 0, 2, 1, 0, 0, 0, 1, 1, 5, 16, 7, 0, 0, 0, 0, 0, 0, 0, 0, 0, 0",1,
441,veterinary doctor designation,pk,,,,,,,,20,,,2022-03-08,,,"1, 0, 0, 0, 0, 0, 0, 0, 1, 0, 2, 0, 0, 0, 1, 0, 0, 0, 0, 0, 0, 0, 0, 0",1,
442,animal doctor degree,pk,,,,,,,,30,,,2017-02-27,,,"5, 2, 3, 0, 8, 3, 3, 6, 3, 3, 6, 5, 1, 5, 3, 2, 0, 0, 0, 2, 0, 0, 1, 0",2,
443,veterinary doctor salary in malaysia,pk,,,,,,,,30,,,2020-04-30,,,"2, 1, 0, 0, 2, 0, 1, 1, 0, 0, 1, 2, 0, 1, 4, 1, 0, 0, 0, 0, 2, 1, 0, 1",2,
444,pet -vet animal care hospital lahore,pk,,,,,,,,,,,2022-01-13,,,"0, 0, 0, 0, 0, 0, 0, 0, 0, 0, 0, 0, 0, 0, 0, 0, 0, 0, 0, 0, 0, 0, 0, 0",1,
445,animal doctor games,pk,,,,,,,,10,,,2015-09-15,,,"0, 0, 0, 2, 0, 0, 0, 0, 0, 0, 1, 1, 1, 0, 0, 0, 0, 0, 0, 0, 0, 0, 0, 0",1,
446,veterinary doctor salary in punjab,pk,,,,,,,,40,,,2020-02-23,,,"0, 0, 0, 0, 0, 0, 0, 1, 0, 0, 0, 4, 0, 0, 0, 0, 0, 0, 0, 0, 0, 0, 0, 0",1,
447,veterinary doctor visiting card in marathi,pk,,,,,,,,,,,2021-05-30,,,"0, 0, 0, 0, 0, 0, 0, 0, 0, 0, 0, 0, 0, 0, 0, 0, 0, 0, 0, 0, 0, 0, 0, 0",1,
448,veterinary doctor government salary,pk,,,,,,,,20,,,2020-03-08,,,"0, 0, 0, 0, 0, 0, 0, 0, 0, 1, 0, 0, 1, 0, 0, 0, 2, 2, 0, 1, 0, 0, 0, 0",1,
449,mobile animal care doctor,pk,,,,,,,,,,,2022-07-15,,,"0, 0, 0, 0, 0, 0, 0, 0, 0, 0, 0, 0, 0, 0, 0, 0, 0, 0, 0, 0, 0, 0, 0, 0",1,
450,information about veterinary doctor,pk,,,,,,,,10,,,2016-06-20,,,"2, 1, 0, 2, 1, 0, 3, 2, 0, 1, 1, 0, 0, 0, 0, 0, 0, 0, 0, 0, 0, 0, 0, 0",1,
451,qualifications for veterinary doctor,pk,,,,,,,,10,,,2022-11-03,,,"1, 0, 0, 0, 0, 1, 1, 0, 0, 0, 0, 0, 0, 0, 0, 0, 0, 0, 0, 0, 0, 0, 0, 0",1,
452,veterinary doctor uniform,pk,,,,,,,,60,,,2019-03-16,,,"10, 9, 6, 3, 5, 3, 1, 0, 6, 0, 4, 10, 4, 7, 6, 5, 2, 12, 1, 4, 4, 1, 4, 0",3,
453,veterinary doctor charges,pk,,,,,,,,,,,2021-09-30,,,"0, 0, 0, 0, 0, 0, 0, 0, 0, 0, 0, 0, 0, 0, 0, 0, 0, 0, 0, 0, 0, 0, 0, 0",1,
454,zia veterinary clinic lahore,pk,,,,,,,,,,,2015-11-05,,,"0, 0, 0, 0, 0, 0, 0, 0, 0, 0, 0, 0, 0, 0, 0, 0, 0, 0, 0, 0, 0, 0, 0, 0",1,
455,what do we call animal doctor in english,pk,,,,,,,,,,,2025-07-27,,,"0, 0, 0, 0, 0, 0, 0, 0, 0, 0, 1, 1, 0, 2, 1, 0, 0, 0, 1, 2, 0, 0, 0, 0",1,
456,veterinary doctor course information,pk,,,,,,,,,,,2021-09-18,,,"0, 0, 0, 0, 0, 0, 0, 0, 0, 0, 0, 0, 0, 0, 0, 0, 0, 0, 0, 0, 0, 0, 0, 0",1,
457,veterinary bird doctor near me,pk,,,,,,,,10,,,2023-03-31,,,"0, 0, 0, 0, 0, 0, 0, 0, 0, 0, 1, 0, 0, 0, 0, 0, 0, 1, 0, 0, 0, 0, 1, 0",1,
458,highest salary of veterinary doctor in india,pk,,,,,,,,20,,,2023-09-19,,,"0, 0, 1, 0, 0, 0, 0, 0, 2, 0, 0, 0, 0, 0, 0, 0, 0, 0, 0, 0, 0, 0, 0, 0",1,
459,veterinary doctor logo for car,pk,,,,,,,,60,,,2017-11-21,,,"2, 0, 0, 2, 1, 0, 0, 0, 0, 0, 1, 0, 0, 1, 0, 0, 0, 0, 0, 0, 0, 1, 0, 0",1,
460,veterinary doctor salary in switzerland,pk,,,,,,,,10,,,2021-06-10,,,"0, 0, 0, 0, 0, 1, 3, 3, 1, 1, 4, 1, 3, 1, 0, 0, 0, 0, 0, 0, 0, 0, 0, 0",1,
461,veterinary doctor study years,pk,,,,,,,,30,,,2025-05-23,,,"0, 0, 0, 0, 0, 0, 0, 0, 2, 0, 1, 0, 0, 1, 0, 1, 0, 2, 0, 0, 2, 1, 0, 0",2,
462,veterinary doctor in ludhiana,pk,,,,,,,,,,,2020-10-15,,,"0, 0, 0, 0, 0, 0, 0, 0, 0, 0, 0, 0, 0, 0, 0, 0, 0, 0, 0, 0, 0, 0, 0, 0",1,
463,cow veterinary doctor near me,pk,,,,,,,,50,,,2020-10-11,,,"0, 0, 0, 0, 0, 0, 0, 0, 1, 0, 0, 0, 0, 1, 0, 2, 0, 0, 2, 0, 5, 0, 0, 0",1,
464,animal doctor in english name,pk,,,,,,,,,,,2025-07-13,,,"0, 0, 0, 0, 0, 0, 0, 0, 0, 0, 2, 3, 8, 2, 0, 0, 0, 1, 0, 0, 0, 0, 0, 0",1,
465,veterinary doctor salary in europe,pk,,,,,,,,10,,,2024-06-20,,,"2, 4, 0, 0, 0, 1, 0, 0, 0, 1, 3, 5, 1, 0, 0, 0, 1, 1, 0, 1, 0, 0, 0, 1",2,
466,veterinary doctor in sargodha,pk,,,,,,,,,,,2016-03-15,,,"0, 0, 0, 0, 0, 0, 0, 0, 0, 0, 0, 0, 0, 0, 0, 0, 0, 0, 0, 0, 0, 0, 0, 0",1,
467,veterinary doctor earnings,pk,,,,,,,,,,,2024-07-11,,,"0, 0, 0, 0, 1, 0, 0, 0, 0, 0, 0, 0, 0, 0, 0, 0, 0, 0, 0, 0, 0, 0, 0, 0",1,
468,veterinary doctor home visit chennai,pk,,,,,,,,30,,,2021-02-08,,,"0, 0, 0, 0, 0, 1, 0, 0, 0, 0, 0, 0, 0, 0, 0, 0, 0, 0, 0, 0, 0, 0, 0, 0",1,
469,medical veterinary doctor,pk,,,,,,,,,,,2020-09-13,,,"0, 0, 0, 0, 0, 0, 0, 0, 0, 0, 0, 0, 0, 0, 0, 0, 0, 0, 0, 0, 0, 0, 0, 0",1,
470,cincinnati animal doctor,pk,,,,,,,,10,,,2021-01-26,,,"0, 0, 0, 0, 0, 0, 0, 0, 0, 0, 0, 0, 0, 0, 0, 0, 0, 0, 0, 0, 0, 0, 0, 0",1,
471,animal doctor of weston,pk,,,,,,,,100,,,2021-04-16,,,"0, 0, 0, 0, 0, 0, 0, 0, 0, 0, 0, 0, 0, 0, 0, 0, 0, 0, 0, 0, 0, 0, 0, 0",1,
472,government veterinary doctor near me,pk,,,,,,,,30,,,2021-09-27,,,"0, 0, 0, 1, 0, 0, 1, 1, 2, 1, 1, 2, 1, 0, 0, 1, 0, 1, 2, 2, 7, 0, 1, 4",3,
473,goat veterinary doctor near me,pk,,,,,,,,20,,,2022-07-29,,,"0, 1, 0, 0, 0, 0, 0, 0, 8, 3, 2, 2, 1, 3, 2, 0, 2, 1, 4, 0, 8, 1, 2, 0",2,
474,"round lake animal hospital, lahore",pk,,,,,,,,,,,2023-04-25,,,"0, 0, 0, 0, 0, 0, 0, 0, 0, 0, 0, 0, 0, 0, 0, 0, 0, 0, 0, 0, 0, 0, 0, 0",1,
475,veterinary doctor course time,pk,,,,,,,,10,,,2022-12-03,,,"0, 0, 0, 0, 0, 0, 0, 0, 1, 0, 0, 0, 0, 0, 0, 0, 0, 0, 0, 0, 0, 0, 0, 0",1,
476,veterinary doctor is mbbs or not,pk,,,,,,,,10,,,2024-03-05,,,"1, 0, 0, 0, 0, 1, 0, 2, 1, 0, 0, 0, 0, 1, 0, 0, 0, 0, 0, 0, 0, 0, 0, 0",1,
477,what is the name for animal doctor,pk,,,,,,,,,,,2022-12-19,,,"0, 0, 0, 0, 0, 1, 0, 0, 0, 0, 0, 0, 0, 0, 0, 0, 0, 0, 0, 0, 0, 0, 0, 0",1,
478,veterinarian definition animal doctor,pk,,,,,,,,300,,,2026-03-30,,,"0, 0, 0, 0, 0, 0, 0, 0, 0, 0, 0, 0, 0, 0, 0, 0, 0, 0, 1, 1, 1, 1, 0, 0",1,
479,animal doctor requirements,pk,,,,,,,,10,,,2022-10-21,,,"1, 0, 1, 2, 0, 0, 0, 0, 0, 1, 1, 3, 1, 0, 0, 0, 0, 1, 0, 0, 1, 0, 0, 0",1,
480,dog vaccination lahore,pk,,,,,,,,,,,2016-11-27,,,"0, 0, 0, 0, 0, 0, 0, 0, 0, 0, 0, 0, 0, 0, 0, 0, 0, 0, 0, 0, 0, 0, 0, 0",1,
481,education for veterinary doctor,pk,,,,,,,,10,,,2024-03-01,,,"0, 0, 0, 0, 0, 0, 0, 1, 0, 0, 1, 0, 0, 0, 0, 0, 0, 0, 0, 0, 1, 0, 0, 0",1,
482,veterinary doctor assistant salary,pk,,,,,,,,10,,,2023-02-01,,,"0, 1, 1, 0, 0, 0, 0, 0, 0, 0, 0, 0, 0, 0, 1, 0, 0, 0, 0, 0, 0, 0, 0, 0",1,
483,fahad pets clinic lahore,pk,,,,,,,,,,,2023-12-26,,,"0, 0, 0, 0, 0, 0, 0, 0, 0, 0, 0, 0, 0, 0, 0, 0, 0, 0, 0, 0, 0, 0, 0, 0",1,
484,animal doctor nearby,pk,,,,,,,,10,,,2020-03-26,,,"0, 0, 0, 0, 1, 0, 1, 0, 3, 1, 5, 0, 0, 3, 1, 0, 0, 0, 0, 3, 2, 7, 0, 1",4,
485,animal doctor ravenshead,pk,,,,,,,,60,,,2024-04-24,,,"0, 0, 1, 0, 0, 0, 0, 1, 0, 0, 0, 0, 0, 0, 0, 1, 0, 0, 0, 0, 0, 0, 0, 0",1,
486,veterinary doctor animal clinic,pk,,,,,,,,10,,,2026-04-19,,,"0, 0, 0, 0, 0, 0, 0, 0, 0, 0, 0, 0, 0, 0, 0, 0, 0, 0, 0, 2, 1, 0, 2, 0",2,
487,animal support letter from doctor,pk,,,,,,,,30,,,2021-07-26,,,"0, 0, 0, 0, 0, 0, 0, 0, 0, 0, 0, 0, 0, 0, 0, 0, 0, 0, 0, 0, 0, 0, 0, 0",1,
488,veterinary doctor for goats near me,pk,,,,,,,,,,,2025-06-03,,,"0, 0, 0, 0, 0, 0, 0, 0, 0, 6, 1, 0, 0, 0, 0, 0, 0, 0, 0, 0, 10, 0, 2, 0",2,
489,veterinary doctor job in dubai,pk,,,,,,,,20,,,2023-07-09,,,"0, 0, 0, 0, 0, 0, 0, 0, 0, 0, 0, 0, 0, 0, 1, 0, 0, 1, 1, 0, 0, 0, 0, 2",2,
490,what is doctor of veterinary medicine degree,pk,,,,,,,,10,,,2023-11-22,,,"2, 3, 1, 2, 2, 1, 0, 1, 0, 0, 3, 0, 0, 0, 0, 0, 0, 0, 0, 0, 2, 0, 0, 0",1,
491,my aim in life veterinary doctor,pk,,,,,,,,,,,2023-08-14,,,"0, 0, 0, 0, 0, 0, 0, 0, 0, 0, 0, 0, 0, 0, 0, 0, 0, 0, 0, 0, 0, 0, 0, 0",1,
492,animal doctor game online,pk,,,,,,,,,,,2022-02-09,,,"0, 0, 0, 0, 0, 0, 0, 0, 0, 0, 0, 0, 0, 0, 0, 0, 0, 0, 0, 0, 0, 0, 0, 0",1,
493,vet in bahria town lahore,pk,,,,,,,,,,,2021-02-07,,,"0, 0, 0, 0, 0, 0, 0, 0, 0, 0, 0, 0, 0, 0, 0, 0, 0, 0, 0, 0, 0, 0, 0, 0",1,
494,veterinary doctor vs mbbs doctor salary,pk,,,,,,,,10,,,2024-03-07,,,"0, 0, 0, 0, 0, 0, 0, 0, 0, 0, 0, 0, 1, 0, 0, 2, 0, 0, 0, 0, 0, 0, 1, 0",1,
495,animal doctor png,pk,,,,,,,,,,,2020-04-06,,,"0, 0, 0, 0, 0, 0, 0, 0, 0, 0, 0, 0, 0, 0, 0, 0, 0, 0, 0, 0, 0, 0, 0, 0",1,
496,veterinary doctor name plate,pk,,,,,,,,40,,,2021-03-03,,,"2, 0, 0, 1, 2, 0, 2, 0, 2, 1, 3, 0, 2, 3, 0, 1, 1, 0, 1, 0, 1, 2, 0, 0",2,
497,veterinary doctor veterinarian symbol,pk,,,,,,,,10,,,2020-05-08,,,"2, 0, 0, 0, 0, 0, 0, 1, 0, 1, 1, 0, 1, 0, 0, 0, 0, 0, 0, 1, 0, 0, 0, 0",1,
498,little fox animal doctor apk,pk,,,,,,,,20,,,2021-04-03,,,"0, 0, 0, 1, 0, 0, 0, 0, 0, 0, 0, 0, 0, 0, 0, 1, 0, 0, 0, 0, 0, 0, 0, 0",1,
499,define veterinary doctor,pk,,,,,,,,,,,2020-07-12,,,"0, 1, 1, 0, 0, 0, 0, 0, 0, 0, 0, 0, 0, 0, 0, 0, 0, 0, 0, 0, 0, 0, 0, 0",1,
500,online chat with veterinary doctor free,pk,,,,,,,,10,,,2020-04-14,,,"0, 0, 0, 0, 0, 0, 0, 0, 1, 0, 1, 0, 0, 0, 0, 0, 0, 0, 0, 0, 0, 0, 0, 0",1,
501,animal doctor book,pk,,,,,,,,,,,2022-07-11,,,"2, 1, 0, 1, 2, 3, 3, 0, 0, 0, 0, 0, 0, 0, 0, 0, 0, 0, 0, 0, 0, 0, 0, 0",1,
502,doctor phillips animal hospital,pk,,,,,,,,20,,,2022-10-23,,,"0, 0, 0, 0, 0, 0, 0, 0, 0, 0, 0, 0, 0, 0, 0, 0, 0, 0, 0, 0, 0, 0, 0, 0",1,
503,is veterinary doctor,pk,,,,,,,,,,,2022-10-03,,,"0, 0, 0, 0, 0, 0, 0, 0, 0, 0, 0, 0, 0, 0, 0, 0, 0, 0, 0, 0, 0, 0, 0, 0",1,
504,veterinary doctor fees,pk,,,,,,,,90,,,2021-05-23,,,"2, 3, 4, 0, 1, 0, 1, 2, 0, 1, 1, 1, 2, 1, 0, 3, 2, 3, 1, 2, 1, 1, 1, 1",2,
505,online chat with veterinary doctor,pk,,,,,,,,,,,2020-02-14,,,"0, 0, 0, 0, 0, 0, 0, 0, 0, 0, 0, 0, 0, 0, 0, 0, 0, 0, 0, 0, 0, 0, 0, 0",1,
506,animal doctor junction city ks,pk,,,,,,,,150,,,2020-08-23,,,"0, 0, 0, 0, 0, 0, 0, 0, 0, 0, 0, 0, 0, 0, 0, 0, 1, 0, 0, 0, 0, 0, 0, 0",1,
507,what is an animal doctor called,pk,,,,,,,,200,,,2021-06-24,,,"10, 5, 11, 12, 6, 3, 4, 0, 1, 0, 2, 3, 1, 6, 5, 0, 1, 6, 11, 4, 8, 1, 5, 1",3,
508,best veterinary doctor in bangalore,pk,,,,,,,,40,,,2021-11-25,,,"0, 0, 0, 0, 0, 0, 1, 0, 0, 2, 0, 0, 0, 0, 0, 0, 0, 0, 0, 0, 0, 0, 0, 0",1,
509,how to become veterinary doctor,pk,,,,,,,,700,,,2016-10-25,,,"15, 2, 2, 4, 2, 6, 1, 9, 6, 5, 4, 2, 2, 3, 1, 3, 1, 0, 3, 5, 1, 0, 0, 0",1,
510,doctor of veterinary medicine usyd,pk,,,,,,,,90,,,2020-09-11,,,"0, 0, 0, 1, 0, 0, 0, 0, 0, 0, 0, 0, 0, 0, 0, 0, 0, 0, 0, 0, 0, 0, 0, 0",1,
511,animal doctor course in punjab,pk,,,,,,,,,,,2019-01-10,,,"0, 0, 0, 0, 0, 0, 0, 0, 0, 0, 0, 0, 0, 0, 0, 0, 0, 0, 0, 0, 0, 0, 0, 0",1,
512,veterinary doctor salary in philippines,pk,,,,,,,,10,,,2023-07-07,,,"0, 0, 0, 0, 0, 0, 0, 0, 0, 0, 0, 0, 0, 1, 0, 0, 0, 0, 0, 0, 0, 0, 0, 0",1,
513,salary of veterinary doctor in australia,pk,,,,,,,,50,,,2020-04-20,,,"3, 5, 8, 4, 1, 2, 3, 2, 7, 4, 5, 4, 5, 2, 4, 1, 1, 2, 0, 3, 2, 2, 4, 2",4,
514,job for veterinary doctor,pk,,,,,,,,20,,,2020-02-11,,,"3, 1, 3, 1, 0, 3, 1, 0, 0, 0, 3, 1, 4, 4, 1, 0, 10, 0, 1, 0, 0, 2, 2, 0",2,
515,what is animal doctor,pk,,,,,,,,10,,,2020-11-04,,,"1, 0, 2, 0, 0, 0, 1, 0, 0, 3, 1, 0, 0, 0, 0, 0, 0, 0, 0, 0, 2, 0, 2, 0",2,
516,what do we call animal doctor,pk,,,,,,,,50,,,2021-09-30,,,"4, 11, 8, 4, 5, 8, 12, 2, 5, 3, 3, 1, 2, 4, 0, 2, 1, 4, 3, 3, 6, 5, 11, 2",7,
517,emotional support animal doctor near me,pk,,,,,,,,,,,2021-09-14,,,"0, 0, 0, 0, 0, 0, 0, 0, 0, 0, 0, 0, 0, 0, 0, 0, 0, 0, 0, 0, 0, 0, 0, 0",1,
518,veterinary doctor details,pk,,,,,,,,10,,,2021-11-28,,,"0, 0, 0, 0, 2, 0, 0, 0, 0, 4, 0, 0, 0, 0, 0, 0, 0, 0, 1, 0, 0, 0, 0, 0",1,
519,top rated veterinary doctor near me,pk,,,,,,,,10,,,2024-06-18,,,"0, 0, 0, 0, 2, 0, 0, 0, 1, 0, 0, 1, 1, 0, 0, 0, 0, 0, 0, 1, 0, 0, 0, 0",1,
520,animal hospital doctor,pk,,,,,,,,500,,,2026-06-25,,,"0, 0, 0, 0, 0, 0, 0, 0, 0, 0, 0, 0, 0, 0, 0, 0, 0, 0, 0, 0, 0, 2, 5, 1",4,
521,design veterinary doctor visiting card,pk,,,,,,,,,,,2022-09-09,,,"13, 2, 0, 0, 0, 0, 2, 9, 15, 1, 0, 0, 0, 0, 0, 0, 0, 0, 0, 0, 0, 0, 0, 0",1,
522,first care pets clinic | feed.com.pk lahore,pk,,,,,,,,,,,2023-05-11,,,"0, 0, 0, 0, 0, 0, 0, 0, 0, 0, 0, 0, 0, 0, 0, 0, 0, 0, 0, 0, 0, 0, 0, 0",1,
523,asim pets clinic (kalma chowk) lahore,pk,,,,,,,,,,,2026-07-15,,,"0, 0, 0, 0, 0, 0, 0, 0, 0, 0, 0, 0, 0, 0, 0, 0, 0, 0, 0, 0, 0, 0, 5, 7",5,
524,dr priyanka reddy veterinary doctor,pk,,,,,,,,10,,,2021-05-11,,,"0, 0, 0, 0, 1, 0, 0, 2, 0, 0, 0, 0, 0, 0, 0, 0, 0, 0, 0, 0, 0, 0, 0, 0",1,
525,veterinary doctor short form,pk,,,,,,,,100,,,2022-01-12,,,"6, 12, 3, 2, 4, 2, 1, 1, 3, 3, 1, 5, 4, 2, 5, 0, 1, 3, 3, 4, 1, 1, 3, 1",3,
526,riverbrook animal hospital lahore,pk,,,,,,,,,,,2025-03-10,,,"0, 0, 0, 0, 0, 0, 38, 33, 44, 15, 63, 22, 3, 5, 3, 0, 0, 0, 0, 0, 0, 7, 6, 0",5,
527,animal doctor english,pk,,,,,,,,,,,2024-05-31,,,"2, 0, 0, 0, 0, 0, 0, 0, 0, 0, 0, 0, 0, 0, 0, 0, 1, 0, 0, 1, 0, 0, 0, 0",1,
528,veterinary doctor in delhi,pk,,,,,,,,30,,,2021-06-21,,,"0, 0, 0, 1, 0, 0, 0, 1, 0, 0, 0, 0, 0, 0, 0, 0, 0, 0, 0, 0, 0, 0, 0, 0",1,
529,urban pets clinic & store lahore,pk,,,,,,,,,,,2023-07-15,,,"10, 0, 0, 0, 0, 0, 0, 0, 0, 0, 0, 0, 0, 0, 0, 0, 0, 0, 0, 0, 0, 0, 0, 0",1,
530,near me veterinary doctor,pk,,,,,,,,40,,,2021-12-17,,,"0, 0, 0, 0, 0, 0, 0, 5, 0, 1, 0, 0, 0, 0, 0, 0, 0, 0, 0, 0, 0, 1, 0, 2",2,
531,animal doctor ko kya kahate hain in english,pk,,,,,,,,20,,,2023-03-30,,,"0, 0, 0, 0, 0, 0, 0, 0, 0, 0, 0, 0, 1, 0, 0, 0, 0, 3, 1, 1, 4, 6, 6, 4",6,
532,what to do to become a veterinary doctor,pk,,,,,,,,20,,,2016-03-29,,,"0, 0, 0, 0, 0, 0, 0, 0, 0, 0, 0, 0, 0, 0, 0, 0, 1, 0, 0, 0, 0, 0, 0, 0",1,
533,name of doctor of animal,pk,,,,,,,,,,,2024-07-20,,,"0, 0, 0, 0, 0, 0, 0, 0, 0, 0, 0, 0, 0, 0, 0, 0, 0, 0, 0, 0, 0, 0, 0, 0",1,
534,online doctor of veterinary medicine program,pk,,,,,,,,10,,,2023-06-15,,,"2, 0, 0, 0, 0, 0, 0, 0, 0, 0, 0, 0, 0, 0, 0, 0, 0, 0, 0, 0, 0, 0, 0, 0",1,
535,government veterinary doctor number,pk,,,,,,,,,,,2022-12-03,,,"0, 0, 0, 0, 0, 0, 0, 0, 0, 0, 0, 0, 1, 0, 0, 0, 0, 0, 0, 0, 0, 0, 1, 0",1,
536,veterinary doctor banne ke liye,pk,,,,,,,,10,,,2021-09-10,,,"0, 0, 0, 0, 0, 0, 0, 0, 0, 0, 0, 0, 0, 0, 0, 0, 0, 0, 0, 0, 0, 0, 0, 0",1,
537,what is the animal doctor called,pk,,,,,,,,20,,,2021-10-04,,,"3, 4, 1, 1, 1, 0, 3, 0, 1, 2, 2, 2, 0, 2, 1, 0, 0, 3, 1, 1, 2, 2, 0, 0",2,
538,veterinary doctor online free,pk,,,,,,,,20,,,2017-09-02,,,"0, 0, 1, 0, 0, 0, 0, 0, 0, 0, 0, 0, 0, 0, 0, 0, 0, 0, 0, 2, 1, 1, 1, 0",2,
539,doctor of veterinary medicine course,pk,,,,,,,,70,,,2022-08-07,,,"2, 0, 0, 0, 1, 0, 0, 0, 1, 1, 0, 0, 2, 0, 0, 0, 0, 1, 0, 0, 1, 1, 1, 4",3,
540,free online veterinary doctor pakistan,pk,,,,,,,,,,,2022-09-05,,,"13, 7, 2, 7, 7, 8, 4, 2, 4, 1, 1, 0, 0, 1, 5, 6, 9, 2, 2, 11, 2, 3, 0, 0",2,
541,veterinary doctor prescription pad,pk,,,,,,,,30,,,2021-12-16,,,"4, 0, 3, 1, 8, 5, 7, 3, 6, 0, 4, 5, 9, 2, 4, 2, 0, 4, 1, 3, 4, 4, 1, 2",3,
542,monthly salary of veterinary doctor in india,pk,,,,,,,,,,,2023-09-18,,,"0, 0, 0, 0, 0, 1, 0, 0, 0, 0, 0, 0, 0, 0, 0, 0, 0, 0, 0, 0, 0, 0, 0, 0",1,
543,lahore animal hospital lahore,pk,,,,,,,,,,,2015-10-19,,,"11, 8, 4, 2, 2, 1, 2, 0, 0, 0, 0, 0, 0, 0, 0, 0, 0, 0, 0, 0, 0, 0, 0, 0",1,
544,veterinary doctor near,pk,,,,,,,,10,,,2022-03-09,,,"0, 0, 0, 1, 0, 0, 1, 1, 6, 0, 0, 0, 0, 1, 0, 1, 0, 0, 0, 0, 4, 0, 1, 0",2,
545,salary of veterinary doctor in indian army,pk,,,,,,,,,,,2021-08-09,,,"0, 0, 0, 0, 0, 0, 0, 0, 0, 0, 0, 0, 0, 0, 0, 0, 0, 0, 0, 0, 0, 0, 0, 0",1,
546,what is doctor of animal called,pk,,,,,,,,,,,2024-08-08,,,"0, 2, 0, 0, 0, 0, 0, 0, 0, 0, 0, 0, 0, 0, 0, 0, 0, 0, 0, 0, 0, 0, 0, 0",1,
547,best veterinary doctor in world,pk,,,,,,,,,,,2019-12-09,,,"0, 5, 1, 0, 0, 0, 0, 0, 0, 0, 0, 0, 0, 0, 0, 0, 0, 0, 0, 0, 0, 0, 0, 0",1,
548,veterinary doctor salary government,pk,,,,,,,,60,,,2023-04-30,,,"0, 0, 0, 0, 0, 0, 0, 0, 0, 0, 0, 0, 0, 0, 0, 0, 1, 0, 0, 0, 0, 0, 0, 0",1,
549,how many years for veterinary doctor,pk,,,,,,,,50,,,2023-12-22,,,"2, 0, 0, 0, 0, 0, 0, 0, 0, 0, 0, 0, 0, 0, 0, 0, 0, 1, 0, 0, 0, 0, 0, 0",1,
550,what is doctor of veterinary medicine,pk,,,,,,,,30,,,2020-07-09,,,"3, 0, 0, 4, 0, 0, 5, 0, 2, 0, 2, 3, 0, 1, 1, 0, 4, 3, 3, 2, 5, 6, 4, 0",4,
551,salary of veterinary doctor per month,pk,,,,,,,,,,,2021-05-27,,,"0, 0, 0, 0, 0, 0, 0, 0, 0, 0, 0, 0, 0, 0, 0, 0, 0, 0, 0, 0, 0, 0, 0, 0",1,
552,doctor of veterinary medicine melbourne,pk,,,,,,,,10,,,2016-02-13,,,"0, 0, 0, 0, 0, 0, 0, 0, 0, 0, 0, 0, 2, 0, 0, 0, 0, 0, 0, 0, 0, 0, 0, 0",1,
553,veterinary doctor process,pk,,,,,,,,10,,,2022-09-30,,,"0, 0, 0, 0, 0, 0, 0, 1, 0, 0, 0, 0, 0, 0, 0, 0, 0, 1, 0, 0, 0, 0, 0, 0",1,
554,veterinary doctor consultation online,pk,,,,,,,,30,,,2021-09-08,,,"1, 1, 0, 0, 0, 0, 1, 0, 1, 0, 0, 0, 0, 2, 0, 0, 0, 0, 0, 0, 0, 0, 1, 0",1,
555,veterinary doctor vacancy 2021,pk,,,,,,,,,,,2021-04-19,,,"0, 0, 0, 0, 0, 0, 0, 0, 0, 0, 0, 0, 0, 0, 0, 0, 0, 0, 0, 0, 0, 0, 0, 0",1,
556,how to apply for veterinary doctor after 12th,pk,,,,,,,,20,,,2022-02-23,,,"4, 0, 0, 0, 0, 1, 0, 0, 0, 0, 2, 0, 0, 0, 0, 0, 0, 1, 0, 0, 0, 0, 0, 0",1,
557,veterinary doctor on call,pk,,,,,,,,,,,2016-12-17,,,"0, 0, 0, 0, 0, 4, 0, 0, 1, 0, 0, 0, 0, 0, 0, 0, 0, 0, 0, 0, 2, 1, 0, 0",2,
558,animal doctor is called in english,pk,,,,,,,,20,,,2025-01-31,,,"0, 0, 0, 0, 1, 0, 0, 0, 2, 2, 7, 4, 1, 4, 3, 0, 0, 0, 1, 3, 1, 2, 0, 1",2,
559,animal hospital bahria town lahore,pk,,,,,,,,,,,2019-07-13,,,"0, 0, 0, 0, 1, 0, 0, 1, 0, 0, 0, 0, 0, 0, 2, 1, 2, 0, 2, 0, 0, 0, 6, 0",3,
560,animal doctor meaning,pk,,,,,,,,20,,,2016-08-06,,,"1, 1, 0, 0, 0, 1, 1, 1, 0, 0, 0, 0, 0, 0, 0, 0, 1, 0, 0, 0, 0, 4, 3, 2",4,
561,spelling of veterinary doctor,pk,,,,,,,,10,,,2022-08-05,,,"1, 0, 0, 0, 0, 0, 0, 0, 0, 2, 0, 0, 0, 0, 0, 0, 0, 0, 1, 1, 0, 0, 0, 0",1,
562,veterinary doctor admission 2022,pk,,,,,,,,,,,2022-07-14,,,"0, 0, 0, 0, 0, 0, 0, 0, 0, 0, 0, 0, 0, 0, 0, 0, 0, 0, 0, 0, 0, 0, 0, 0",1,
563,veterinary doctor is a good career,pk,,,,,,,,,,,2023-05-14,,,"1, 0, 0, 0, 0, 0, 0, 0, 0, 0, 0, 0, 0, 0, 0, 0, 0, 0, 0, 0, 0, 0, 0, 0",1,
564,veterinary doctor home visit,pk,,,,,,,,30,,,2020-08-06,,,"2, 2, 0, 0, 0, 0, 0, 2, 0, 1, 1, 0, 0, 0, 0, 1, 0, 0, 0, 0, 1, 0, 0, 0",1,
565,how to become animal doctor,pk,,,,,,,,100,,,2020-08-05,,,"12, 0, 3, 0, 0, 0, 6, 3, 0, 4, 7, 8, 1, 1, 0, 0, 2, 2, 3, 2, 3, 1, 2, 1",2,
566,veterinary doctor brooklyn ny,pk,,,,,,,,,,,2020-02-19,,,"0, 0, 0, 0, 0, 0, 0, 0, 0, 0, 0, 0, 0, 0, 0, 0, 0, 0, 0, 0, 0, 0, 0, 0",1,
567,veterinary doctor online consultation,pk,,,,,,,,100,,,2020-08-30,,,"0, 0, 1, 0, 0, 1, 0, 3, 1, 1, 1, 0, 0, 0, 3, 0, 0, 1, 0, 1, 7, 0, 0, 0",1,
568,animal cat doctor near me,pk,,,,,,,,,,,2021-03-08,,,"0, 0, 0, 0, 0, 0, 0, 0, 0, 0, 0, 0, 0, 0, 0, 0, 0, 0, 0, 0, 0, 0, 0, 0",1,
569,veterinary doctor salary in qatar,pk,,,,,,,,10,,,2021-05-15,,,"2, 2, 3, 5, 3, 5, 2, 2, 8, 2, 1, 7, 3, 1, 0, 3, 0, 0, 0, 0, 0, 0, 0, 2",2,
570,animal doctor is called what,pk,,,,,,,,20,,,2020-09-23,,,"1, 1, 1, 0, 0, 1, 0, 0, 0, 0, 2, 1, 1, 0, 1, 0, 0, 0, 0, 0, 0, 0, 0, 0",1,
571,veterinary doctor in gujarat,pk,,,,,,,,,,,2016-07-10,,,"0, 0, 0, 0, 0, 0, 0, 0, 0, 0, 0, 0, 0, 0, 0, 0, 0, 0, 0, 0, 0, 0, 0, 0",1,
572,animal doctor qualification,pk,,,,,,,,30,,,2020-10-20,,,"0, 0, 0, 0, 1, 2, 0, 0, 1, 1, 3, 5, 1, 0, 0, 0, 0, 0, 0, 4, 0, 0, 0, 0",1,
573,jobs for veterinary doctor in dubai,pk,,,,,,,,,,,2016-05-07,,,"0, 0, 0, 0, 0, 0, 0, 0, 0, 0, 0, 0, 0, 0, 0, 0, 0, 0, 0, 0, 0, 0, 0, 0",1,
574,animal doctor photo,pk,,,,,,,,,,,2022-02-12,,,"1, 0, 0, 0, 0, 1, 0, 0, 1, 0, 0, 0, 0, 0, 0, 0, 0, 0, 0, 0, 0, 0, 0, 0",1,
575,salary of veterinary doctor in canada,pk,,,,,,,,30,,,2020-07-04,,,"3, 2, 2, 1, 3, 0, 1, 0, 5, 3, 2, 7, 0, 0, 0, 0, 0, 0, 0, 1, 0, 0, 1, 1",2,
576,veterinary doctor png,pk,,,,,,,,10,,,2020-01-21,,,"3, 0, 1, 3, 2, 2, 2, 2, 4, 0, 3, 7, 2, 2, 0, 2, 3, 2, 0, 0, 0, 0, 0, 0",1,
577,animal doctor porn,pk,,,,,,,,,,,2021-02-16,,,"0, 0, 0, 1, 0, 0, 1, 0, 0, 0, 0, 0, 0, 0, 0, 0, 0, 0, 0, 0, 0, 0, 0, 0",1,
578,birthday wishes for veterinary doctor,pk,,,,,,,,20,,,2018-06-01,,,"2, 3, 0, 2, 0, 2, 3, 4, 2, 1, 2, 1, 0, 0, 1, 0, 0, 0, 0, 0, 0, 1, 0, 0",2,
579,doctor stuffed animal,pk,,,,,,,,90,,,2021-07-08,,,"0, 0, 0, 0, 0, 0, 0, 0, 0, 0, 0, 0, 0, 0, 0, 0, 0, 0, 0, 0, 0, 0, 0, 0",1,
580,veterinary doctor business card,pk,,,,,,,,10,,,2021-09-08,,,"4, 1, 0, 0, 0, 0, 0, 0, 0, 0, 11, 4, 2, 3, 0, 0, 0, 0, 4, 1, 0, 0, 0, 0",1,
581,veterinary doctor treating cow clinic,pk,,,,,,,,,,,2026-04-17,,,"0, 0, 0, 0, 0, 0, 0, 0, 0, 0, 0, 0, 0, 0, 0, 0, 0, 0, 0, 2, 1, 1, 0, 0",1,
582,how to become veterinary doctor in australia,pk,,,,,,,,,,,2023-07-10,,,"0, 0, 0, 0, 0, 0, 0, 0, 0, 0, 0, 0, 0, 1, 0, 0, 0, 0, 0, 0, 0, 0, 0, 0",1,
583,is mbbs required for veterinary doctor,pk,,,,,,,,,,,2025-04-21,,,"0, 0, 0, 0, 0, 0, 0, 1, 3, 1, 0, 0, 0, 0, 0, 0, 0, 0, 0, 0, 0, 0, 0, 0",1,
584,veterinary doctor name,pk,,,,,,,,30,,,2021-01-15,,,"6, 0, 0, 2, 2, 1, 1, 0, 0, 1, 2, 2, 1, 0, 0, 0, 0, 1, 0, 0, 2, 0, 1, 0",2,
585,veterinary doctor exam,pk,,,,,,,,100,,,2024-05-28,,,"0, 0, 0, 0, 2, 2, 0, 1, 0, 0, 0, 0, 1, 0, 0, 0, 0, 0, 0, 0, 0, 0, 0, 0",1,
586,animal doctor near my location,pk,,,,,,,,,,,2020-01-20,,,"0, 0, 0, 0, 0, 0, 0, 0, 0, 0, 0, 0, 0, 0, 0, 0, 0, 0, 0, 0, 0, 0, 0, 0",1,
587,animal doctor jobs,pk,,,,,,,,10,,,2021-10-17,,,"0, 0, 0, 0, 0, 0, 0, 0, 0, 0, 0, 1, 1, 0, 0, 0, 0, 1, 0, 0, 0, 0, 0, 0",1,
588,apron for veterinary doctor,pk,,,,,,,,,,,2025-10-26,,,"0, 0, 0, 0, 0, 0, 0, 0, 0, 0, 0, 0, 0, 1, 1, 2, 0, 0, 0, 0, 0, 0, 0, 0",1,
589,how to apply for veterinary doctor,pk,,,,,,,,20,,,2020-06-05,,,"1, 1, 0, 0, 0, 1, 0, 0, 0, 0, 3, 2, 0, 0, 0, 0, 1, 0, 0, 0, 0, 0, 0, 0",1,
590,animal doctor contact number near me,pk,,,,,,,,,,,2025-03-16,,,"0, 0, 0, 0, 0, 0, 3, 0, 0, 0, 0, 0, 1, 0, 0, 0, 0, 0, 3, 0, 0, 0, 0, 0",1,
591,animal doctor fees,pk,,,,,,,,,,,2022-06-25,,,"0, 0, 1, 0, 0, 0, 0, 0, 1, 0, 0, 0, 0, 0, 0, 0, 0, 0, 0, 0, 2, 0, 0, 0",1,
592,veterinary doctor checking cow,pk,,,,,,,,,,,2026-03-24,,,"0, 0, 0, 0, 0, 0, 0, 0, 0, 0, 0, 0, 0, 0, 0, 0, 0, 0, 2, 2, 0, 0, 0, 0",1,
593,bag for veterinary doctor,pk,,,,,,,,,,,2025-09-22,,,"0, 0, 0, 0, 0, 0, 0, 0, 0, 0, 0, 0, 1, 3, 0, 0, 0, 0, 0, 2, 2, 1, 0, 0",1,
594,how to become a doctor of veterinary medicine,pk,,,,,,,,,,,2022-11-15,,,"0, 0, 2, 0, 1, 0, 0, 0, 0, 1, 0, 0, 0, 0, 0, 0, 0, 1, 0, 0, 0, 0, 0, 0",1,
595,veterinary doctor title,pk,,,,,,,,10,,,2020-08-02,,,"0, 0, 0, 1, 0, 0, 0, 0, 0, 0, 0, 0, 0, 0, 0, 0, 1, 0, 0, 0, 0, 0, 0, 0",1,
596,what is the doctor of animal called,pk,,,,,,,,10,,,2021-09-22,,,"0, 0, 0, 4, 1, 1, 1, 3, 1, 0, 0, 0, 0, 0, 0, 0, 0, 0, 0, 3, 0, 0, 0, 0",1,
597,veterinary doctor dp,pk,,,,,,,,,,,2019-12-18,,,"1, 1, 3, 0, 0, 1, 0, 2, 0, 0, 0, 1, 0, 0, 0, 0, 2, 0, 0, 3, 8, 1, 0, 1",2,
598,mbbs veterinary doctor,pk,,,,,,,,30,,,2020-01-19,,,"0, 1, 0, 0, 0, 0, 0, 1, 2, 0, 1, 0, 0, 0, 0, 0, 1, 0, 0, 0, 0, 0, 0, 0",1,
599,what is a veterinary doctor?,pk,,,,,,,,,,,2024-08-29,,,"2, 1, 4, 0, 0, 0, 0, 0, 0, 0, 0, 0, 0, 0, 0, 0, 0, 0, 0, 0, 0, 0, 0, 0",1,
600,happy birthday wishes to veterinary doctor,pk,,,,,,,,,,,2021-03-01,,,"2, 0, 0, 0, 0, 0, 0, 0, 0, 0, 0, 0, 0, 0, 0, 0, 0, 0, 0, 0, 0, 0, 0, 0",1,
601,how to become veterinary doctor in canada,pk,,,,,,,,10,,,2023-02-13,,,"0, 0, 0, 0, 0, 0, 0, 0, 1, 0, 0, 0, 0, 0, 0, 0, 0, 0, 0, 0, 0, 0, 0, 0",1,
602,animal doctor near me within 1.6 km,pk,,,,,,,,10,,,2024-10-20,,,"0, 1, 0, 0, 1, 1, 1, 0, 4, 2, 1, 0, 2, 0, 2, 2, 0, 0, 0, 0, 3, 2, 0, 0",2,
603,veterinary doctor website,pk,,,,,,,,40,,,2020-05-22,,,"0, 3, 0, 0, 1, 0, 0, 1, 1, 2, 0, 1, 1, 0, 1, 1, 0, 0, 0, 0, 2, 0, 0, 2",2,
604,government jobs for veterinary doctor,pk,,,,,,,,20,,,2020-12-11,,,"0, 0, 0, 0, 0, 0, 4, 0, 0, 0, 0, 0, 0, 0, 0, 0, 0, 0, 0, 0, 0, 0, 0, 0",1,
605,veterinary doctor indore,pk,,,,,,,,,,,2021-09-11,,,"0, 0, 0, 0, 0, 0, 0, 0, 1, 0, 0, 0, 0, 0, 0, 0, 0, 0, 0, 0, 0, 0, 0, 0",1,
606,national veterinary clinic lahore,pk,,,,,,,,,,,2022-02-19,,,"0, 0, 1, 1, 0, 0, 1, 1, 0, 1, 1, 1, 3, 2, 0, 0, 0, 1, 2, 3, 1, 1, 0, 0",1,
607,veterinary doctor course after 10th,pk,,,,,,,,,,,2021-05-20,,,"0, 0, 0, 0, 0, 0, 0, 0, 0, 1, 0, 0, 0, 0, 0, 0, 0, 0, 0, 0, 0, 0, 0, 0",1,
608,few lines on veterinary doctor,pk,,,,,,,,10,,,2022-11-27,,,"0, 0, 0, 0, 0, 0, 0, 0, 0, 0, 0, 0, 0, 0, 0, 0, 0, 0, 0, 0, 0, 0, 0, 0",1,
609,veterinary doctor india,pk,,,,,,,,50,,,2020-07-29,,,"2, 0, 0, 0, 0, 0, 0, 1, 0, 0, 2, 0, 0, 0, 0, 0, 0, 0, 0, 0, 0, 2, 0, 0",2,
610,what is the salary of veterinary doctor per month,pk,,,,,,,,40,,,2023-05-26,,,"0, 0, 0, 0, 0, 0, 0, 0, 0, 1, 0, 0, 1, 0, 0, 0, 0, 0, 0, 0, 0, 0, 1, 1",2,
611,animal doctor ko kya kahate hain,pk,,,,,,,,70,,,2021-12-31,,,"0, 0, 0, 0, 0, 0, 0, 0, 0, 7, 0, 0, 0, 0, 0, 0, 2, 6, 1, 6, 2, 5, 7, 4",6,
612,salary of animal doctor,pk,,,,,,,,10,,,2021-09-27,,,"1, 0, 0, 0, 0, 0, 0, 1, 0, 0, 0, 1, 0, 0, 0, 0, 0, 0, 0, 0, 0, 0, 0, 0",1,
613,veterinary doctor salary in us per month,pk,,,,,,,,60,,,2021-04-28,,,"11, 8, 3, 6, 4, 13, 1, 3, 2, 2, 6, 1, 2, 3, 3, 1, 6, 4, 7, 7, 2, 2, 0, 0",2,
614,adeel pets clinic lahore,pk,,,,,,,,,,,2019-09-30,,,"0, 0, 0, 0, 0, 0, 0, 0, 0, 0, 0, 0, 0, 0, 0, 0, 0, 0, 0, 0, 0, 0, 0, 0",1,
615,doctor degree in veterinary medicine,pk,,,,,,,,,,,2020-03-20,,,"0, 0, 0, 0, 0, 0, 0, 0, 0, 0, 0, 0, 0, 0, 0, 0, 0, 0, 0, 0, 0, 0, 0, 0",1,
616,asim pets clinic (faisal town) lahore,pk,,,,,,,,,,,2021-09-15,,,"0, 0, 0, 0, 0, 0, 0, 0, 0, 0, 0, 0, 0, 0, 0, 0, 0, 0, 0, 0, 0, 0, 0, 0",1,
617,veterinary doctor recruitment 2021,pk,,,,,,,,,,,2021-05-11,,,"0, 0, 0, 0, 0, 0, 0, 0, 0, 0, 0, 0, 0, 0, 0, 0, 0, 0, 0, 0, 0, 0, 0, 0",1,
618,work of veterinary doctor,pk,,,,,,,,10,,,2022-05-10,,,"1, 0, 1, 2, 0, 0, 1, 0, 0, 1, 2, 1, 0, 0, 0, 0, 0, 1, 0, 0, 0, 1, 1, 0",2,
619,barbie animal doctor,pk,,,,,,,,,,,2020-09-28,,,"0, 0, 0, 0, 0, 0, 0, 0, 0, 0, 0, 0, 0, 0, 0, 0, 0, 0, 0, 0, 0, 0, 0, 0",1,
620,veterinary doctor home service near me,pk,,,,,,,,,,,2025-07-25,,,"0, 0, 0, 0, 0, 0, 0, 0, 0, 0, 3, 0, 0, 0, 0, 0, 0, 1, 0, 0, 0, 0, 0, 0",1,
621,veterinary doctor in gurugram,pk,,,,,,,,10,,,2023-03-07,,,"0, 0, 0, 0, 0, 0, 0, 0, 0, 0, 0, 0, 0, 0, 0, 0, 0, 0, 0, 0, 0, 0, 0, 0",1,
622,animal doctor in faisalabad,pk,,,,,,,,,,,2017-02-14,,,"0, 0, 0, 0, 0, 0, 0, 0, 0, 0, 4, 0, 0, 0, 0, 0, 0, 0, 0, 0, 0, 0, 0, 0",1,
623,consult veterinary doctor online,pk,,,,,,,,20,,,2021-01-18,,,"0, 0, 1, 0, 0, 0, 0, 0, 0, 0, 0, 0, 0, 0, 0, 0, 0, 0, 0, 0, 0, 0, 0, 0",1,
624,animal doctor ko kya bolte hai,pk,,,,,,,,10,,,2025-03-18,,,"0, 0, 0, 0, 0, 0, 2, 0, 0, 0, 0, 0, 0, 0, 0, 0, 0, 0, 0, 0, 1, 3, 0, 0",2,
625,animal doctor home service,pk,,,,,,,,,,,2022-07-02,,,"0, 0, 0, 0, 1, 0, 3, 0, 0, 1, 0, 1, 1, 0, 0, 0, 0, 0, 3, 2, 5, 3, 0, 0",2,
626,near by veterinary doctor,pk,,,,,,,,10,,,2022-08-21,,,"0, 0, 0, 0, 0, 0, 0, 3, 0, 1, 1, 0, 0, 0, 0, 0, 0, 0, 0, 0, 0, 0, 0, 0",1,
627,veterinary doctor letterhead,pk,,,,,,,,,,,2020-09-23,,,"0, 0, 0, 0, 0, 0, 0, 0, 1, 0, 0, 1, 0, 7, 0, 1, 0, 0, 0, 0, 0, 0, 0, 0",1,
628,female veterinary doctor,pk,,,,,,,,60,,,2022-09-08,,,"2, 4, 0, 4, 9, 2, 5, 7, 8, 3, 3, 15, 8, 10, 2, 1, 4, 4, 1, 1, 3, 1, 3, 1",3,
629,veterinary doctor salary in canada,pk,,,,,,,,100,,,2020-03-21,,,"5, 3, 2, 3, 2, 2, 1, 7, 4, 11, 10, 2, 4, 6, 4, 1, 3, 2, 3, 4, 1, 2, 2, 4",4,
630,animal doctor drawing,pk,,,,,,,,,,,2021-10-26,,,"1, 0, 0, 0, 0, 0, 0, 0, 0, 0, 0, 0, 0, 0, 1, 0, 0, 0, 0, 0, 0, 0, 0, 0",1,
631,eligibility for veterinary doctor,pk,,,,,,,,40,,,2023-09-07,,,"0, 0, 0, 0, 0, 0, 1, 0, 0, 0, 2, 0, 0, 0, 0, 0, 0, 1, 0, 1, 0, 0, 0, 0",1,
632,gentle doctor animal hospital omaha ne,pk,,,,,,,,,,,2021-01-20,,,"0, 0, 0, 0, 0, 0, 0, 0, 0, 0, 0, 0, 0, 0, 0, 0, 0, 0, 0, 0, 0, 0, 0, 0",1,
633,scope of veterinary doctor in canada,pk,,,,,,,,,,,2019-08-25,,,"0, 0, 0, 0, 0, 0, 0, 0, 0, 0, 0, 0, 0, 0, 0, 0, 0, 0, 0, 0, 0, 0, 0, 0",1,
634,free online veterinary doctor,pk,,,,,,,,,,,2022-03-13,,,"0, 0, 0, 0, 0, 0, 0, 0, 0, 0, 0, 0, 0, 0, 0, 0, 0, 0, 0, 0, 0, 0, 0, 0",1,
635,cat doctor in lahore,pk,,,,,,,,,,,2018-01-27,,,"0, 0, 0, 0, 0, 0, 0, 0, 0, 0, 0, 0, 0, 0, 0, 0, 0, 0, 0, 0, 0, 0, 0, 0",1,
636,veterinary doctor admission 2024,pk,,,,,,,,,,,2024-05-07,,,"13, 4, 3, 4, 7, 2, 0, 0, 0, 0, 0, 0, 0, 0, 0, 0, 0, 0, 0, 0, 0, 0, 0, 0",1,
637,veterinary doctor with animals,pk,,,,,,,,40,,,2026-03-03,,,"0, 0, 0, 0, 0, 0, 0, 0, 0, 0, 0, 0, 0, 0, 0, 0, 0, 0, 3, 2, 7, 0, 1, 1",2,
638,catizen pets clinic and mart lahore,pk,,,,,,,,,,,2026-04-17,,,"0, 0, 0, 0, 0, 0, 0, 0, 0, 0, 0, 0, 0, 0, 0, 0, 0, 0, 0, 3, 3, 0, 0, 0",1,
639,waqas pets clinic lahore,pk,,,,,,,,,,,2024-06-29,,,"0, 0, 0, 0, 0, 0, 0, 0, 0, 0, 0, 0, 0, 0, 0, 0, 0, 0, 0, 0, 0, 0, 0, 0",1,
640,animal doctor app,pk,,,,,,,,10,,,2022-01-21,,,"0, 3, 0, 1, 1, 0, 0, 0, 0, 0, 0, 0, 0, 0, 0, 0, 0, 1, 0, 0, 0, 0, 0, 0",1,
641,khyber pets mart and clinic lahore reviews,pk,,,,,,,,,,,2023-06-17,,,"0, 0, 0, 0, 0, 0, 0, 0, 0, 0, 0, 0, 0, 0, 0, 0, 0, 0, 0, 0, 0, 0, 0, 0",1,
642,animal doctor call,pk,,,,,,,,10,,,2021-03-09,,,"1, 0, 0, 0, 0, 0, 2, 0, 0, 0, 2, 1, 3, 9, 1, 2, 1, 1, 1, 1, 2, 1, 1, 2",2,
643,bio for veterinary doctor,pk,,,,,,,,,,,2023-07-19,,,"0, 2, 2, 0, 1, 0, 0, 0, 0, 0, 0, 0, 0, 0, 0, 0, 0, 0, 0, 0, 0, 0, 0, 0",1,
644,doctor paul veterinary,pk,,,,,,,,,,,2021-02-12,,,"0, 0, 0, 0, 0, 0, 0, 0, 0, 0, 0, 0, 0, 0, 0, 0, 0, 0, 0, 0, 0, 0, 0, 0",1,
645,india's best veterinary doctor,pk,,,,,,,,10,,,2022-08-17,,,"0, 0, 1, 0, 0, 0, 0, 0, 1, 0, 0, 0, 0, 0, 0, 0, 0, 0, 0, 0, 0, 0, 0, 0",1,
646,veterinary doctor average salary,pk,,,,,,,,10,,,2018-08-20,,,"0, 0, 0, 0, 0, 0, 0, 1, 1, 0, 0, 1, 0, 0, 0, 0, 2, 0, 0, 0, 2, 0, 0, 1",1,
647,any veterinary doctor near me,pk,,,,,,,,10,,,2025-05-07,,,"0, 0, 0, 0, 0, 0, 0, 0, 5, 1, 0, 0, 0, 2, 0, 0, 1, 0, 0, 0, 1, 0, 0, 0",1,
648,veterinary doctor salary in u.s. per month,pk,,,,,,,,10,,,2021-12-14,,,"0, 0, 0, 0, 0, 0, 2, 1, 5, 11, 4, 4, 9, 5, 0, 0, 0, 0, 0, 0, 0, 0, 0, 0",1,
649,wild animal doctor,pk,,,,,,,,10,,,2021-10-11,,,"0, 0, 0, 0, 1, 0, 0, 0, 0, 0, 0, 0, 1, 1, 0, 0, 0, 0, 0, 0, 0, 0, 2, 1",,
650,doctor of veterinary medicine abbreviation,pk,,,,,,,,30,,,2021-05-31,,,"0, 0, 0, 0, 0, 0, 0, 0, 0, 0, 0, 0, 0, 0, 0, 0, 0, 0, 0, 0, 0, 0, 0, 0",1,
651,veterinary doctor synonyms,pk,,,,,,,,,,,2021-06-28,,,"0, 0, 0, 0, 0, 0, 0, 0, 0, 0, 0, 0, 0, 0, 0, 0, 0, 0, 0, 0, 0, 0, 0, 0",1,
652,which exam is required for veterinary doctor,pk,,,,,,,,60,,,2024-01-10,,,"0, 0, 1, 0, 0, 0, 0, 1, 0, 0, 0, 0, 1, 0, 0, 0, 1, 0, 0, 0, 0, 0, 0, 0",1,
653,best veterinary doctor in hyderabad,pk,,,,,,,,20,,,2018-10-08,,,"0, 0, 0, 0, 1, 0, 0, 0, 0, 0, 1, 0, 0, 0, 0, 0, 0, 0, 0, 0, 0, 0, 0, 0",1,
654,pets club and animal hospital cantt lahore,pk,,,,,,,,,,,2024-05-29,,,"0, 0, 0, 0, 1, 2, 0, 0, 0, 0, 0, 0, 0, 0, 0, 0, 0, 0, 0, 0, 0, 0, 0, 0",1,
655,veterinary doctor symbol image,pk,,,,,,,,,,,2020-09-26,,,"0, 0, 0, 0, 0, 0, 0, 0, 0, 0, 0, 0, 0, 0, 0, 0, 0, 0, 0, 0, 0, 0, 0, 0",1,
656,veterinary doctor is called,pk,,,,,,,,50,,,2022-10-30,,,"4, 5, 4, 1, 2, 1, 2, 0, 1, 0, 6, 1, 2, 0, 1, 1, 2, 3, 1, 5, 3, 3, 4, 2",4,
657,veterinary doctor in multan,pk,,,,,,,,,,,2016-03-28,,,"3, 0, 0, 9, 21, 0, 7, 7, 11, 8, 1, 0, 0, 0, 0, 0, 0, 0, 0, 0, 7, 15, 13, 0",10,
658,degree for animal doctor,pk,,,,,,,,,,,2021-08-29,,,"0, 0, 0, 0, 0, 3, 0, 1, 0, 2, 0, 0, 0, 0, 0, 0, 0, 0, 0, 0, 0, 0, 0, 0",1,
659,veterinary cow doctor,pk,,,,,,,,10,,,2021-02-18,,,"0, 0, 0, 0, 0, 0, 1, 0, 0, 1, 0, 2, 0, 1, 1, 1, 2, 1, 2, 0, 1, 1, 0, 0",2,
660,pets and vets clinic lahore,pk,,,,,,,,,,,2017-05-04,,,"4, 2, 4, 3, 2, 2, 0, 0, 0, 0, 0, 0, 0, 0, 0, 0, 0, 0, 0, 0, 0, 15, 14, 2",11,
661,average salary of veterinary doctor in australia,pk,,,,,,,,10,,,2021-09-26,,,"4, 3, 0, 1, 0, 0, 4, 1, 5, 7, 2, 2, 1, 2, 0, 1, 1, 0, 0, 0, 0, 0, 0, 1",2,
662,veterinary doctor drawing,pk,,,,,,,,,,,2021-08-02,,,"0, 0, 0, 0, 0, 0, 0, 0, 0, 0, 0, 0, 0, 0, 0, 0, 0, 0, 0, 0, 0, 0, 0, 0",1,
663,veterinary doctor images,pk,,,,,,,,150,,,2019-04-04,,,"5, 1, 1, 0, 1, 8, 6, 9, 16, 5, 7, 11, 7, 8, 2, 3, 3, 3, 5, 3, 7, 4, 1, 0",3,
664,the pets' concept (pets clinic) lahore,pk,,,,,,,,,,,2022-08-08,,,"0, 8, 1, 1, 2, 0, 0, 0, 0, 0, 0, 0, 0, 0, 0, 0, 1, 0, 0, 0, 1, 0, 0, 0",1,
665,animal doctor blue hills,pk,,,,,,,,50,,,2022-05-10,,,"0, 0, 0, 0, 1, 1, 0, 0, 1, 0, 0, 0, 0, 0, 0, 0, 0, 0, 0, 0, 0, 0, 0, 0",1,
666,critter doctor animal hospital,pk,,,,,,,,10,,,2024-03-28,,,"1, 0, 0, 0, 0, 0, 0, 0, 0, 0, 0, 0, 0, 0, 0, 0, 0, 0, 0, 0, 0, 0, 0, 0",1,
667,surgivet pets clinic lahore,pk,,,,,,,,,,,2016-03-12,,,"0, 0, 0, 0, 0, 0, 0, 0, 0, 0, 0, 0, 0, 0, 0, 0, 0, 0, 0, 0, 0, 0, 0, 0",1,
668,animal doctor veterinarian,pk,,,,,,,,50,,,2020-03-13,,,"0, 0, 2, 1, 0, 0, 3, 0, 0, 0, 0, 0, 0, 0, 0, 0, 1, 1, 1, 1, 0, 1, 0, 0",2,
669,review for veterinary doctor,pk,,,,,,,,10,,,2023-03-15,,,"1, 0, 0, 0, 1, 1, 0, 0, 0, 0, 0, 1, 0, 0, 2, 3, 0, 0, 0, 1, 0, 0, 0, 0",1,
670,online veterinary doctor free,pk,,,,,,,,40,,,2016-06-17,,,"2, 4, 2, 3, 1, 1, 1, 1, 2, 4, 1, 3, 6, 1, 0, 0, 0, 0, 1, 0, 4, 3, 0, 0",2,
671,animal doctor kaise bane,pk,,,,,,,,80,,,2020-03-16,,,"0, 0, 0, 0, 0, 0, 0, 0, 0, 0, 0, 0, 0, 0, 0, 0, 0, 0, 0, 1, 0, 0, 0, 0",1,
672,veterinary doctor near me for birds,pk,,,,,,,,10,,,2022-06-26,,,"0, 0, 0, 0, 0, 0, 0, 0, 0, 0, 0, 0, 0, 0, 0, 0, 0, 0, 0, 0, 1, 0, 0, 1",1,
673,abid pets clinic lahore,pk,,,,,,,,,,,2025-07-16,,,"0, 0, 0, 0, 0, 0, 0, 0, 0, 0, 1, 0, 0, 0, 1, 0, 0, 0, 2, 0, 0, 0, 0, 0",1,
674,is neet required for veterinary doctor,pk,,,,,,,,70,,,2021-06-06,,,"0, 0, 0, 0, 0, 0, 0, 0, 0, 0, 0, 0, 0, 0, 0, 0, 0, 0, 0, 0, 0, 0, 0, 0",1,
675,veterinary doctor gujranwala,pk,,,,,,,,,,,2023-06-22,,,"0, 0, 0, 0, 0, 0, 0, 0, 0, 0, 0, 0, 0, 0, 0, 0, 0, 0, 0, 0, 0, 0, 0, 0",1,
676,veterinary doctor id card,pk,,,,,,,,10,,,2021-05-07,,,"0, 0, 0, 0, 0, 0, 0, 0, 0, 0, 0, 1, 0, 0, 0, 0, 0, 0, 0, 0, 0, 1, 0, 0",2,
677,animal doctor vet,pk,,,,,,,,10,,,2021-03-25,,,"0, 0, 0, 0, 0, 0, 2, 0, 0, 0, 0, 0, 0, 0, 2, 0, 0, 0, 1, 0, 4, 1, 0, 0",1,
678,lady veterinary doctor,pk,,,,,,,,10,,,2020-06-30,,,"2, 0, 0, 0, 0, 1, 0, 1, 0, 0, 0, 0, 0, 0, 0, 0, 0, 0, 0, 0, 0, 1, 0, 0",1,
679,veterinary doctor application form 2024,pk,,,,,,,,,,,2024-09-14,,,"2, 1, 0, 0, 0, 0, 0, 0, 0, 0, 0, 0, 0, 0, 0, 0, 0, 0, 0, 0, 0, 0, 0, 0",1,
680,animal doctor helpline,pk,,,,,,,,,,,2020-07-28,,,"0, 0, 0, 0, 0, 0, 0, 0, 0, 2, 1, 0, 0, 0, 0, 0, 0, 1, 0, 0, 11, 2, 0, 0",2,
681,animal doctor games for boy,pk,,,,,,,,,,,2015-09-18,,,"0, 0, 0, 0, 0, 0, 0, 0, 0, 0, 0, 0, 0, 0, 0, 0, 0, 0, 0, 0, 0, 0, 0, 0",1,
682,inspirational veterinary doctor quotes,pk,,,,,,,,,,,2020-02-20,,,"0, 0, 0, 0, 0, 0, 0, 0, 0, 0, 0, 0, 0, 0, 0, 0, 0, 0, 0, 0, 0, 0, 0, 0",1,
683,veterinary doctor qualification,pk,,,,,,,,500,,,2016-02-14,,,"22, 9, 2, 4, 19, 3, 6, 12, 13, 4, 16, 13, 12, 7, 3, 1, 1, 0, 0, 5, 3, 0, 0, 0",1,
684,country doctor veterinary clinic,pk,,,,,,,,10,,,2020-02-19,,,"0, 0, 0, 0, 0, 0, 0, 0, 0, 0, 0, 0, 0, 1, 0, 0, 0, 0, 0, 0, 0, 0, 0, 0",1,
685,veterinary doctor salary in south africa,pk,,,,,,,,10,,,2022-07-12,,,"0, 0, 0, 0, 0, 0, 1, 0, 0, 0, 0, 1, 1, 0, 0, 0, 3, 0, 0, 0, 0, 0, 0, 0",1,
686,rana pets clinic lahore,pk,,,,,,,,,,,2022-10-01,,,"0, 0, 0, 1, 0, 0, 0, 0, 0, 0, 0, 0, 0, 0, 0, 0, 0, 0, 0, 0, 0, 0, 0, 0",1,
687,govt animal hospital in lahore,pk,,,,,,,,,,,2019-04-02,,,"0, 0, 0, 0, 0, 0, 0, 0, 0, 0, 0, 0, 0, 0, 0, 0, 0, 0, 0, 0, 0, 0, 0, 0",1,
688,veterinary doctor pay scale,pk,,,,,,,,10,,,2015-10-22,,,"2, 4, 0, 2, 0, 0, 0, 0, 1, 2, 0, 0, 0, 0, 0, 0, 0, 0, 0, 2, 0, 0, 0, 1",1,
689,name for animal doctor,pk,,,,,,,,20,,,2019-01-16,,,"0, 0, 0, 0, 0, 0, 0, 0, 0, 0, 0, 0, 0, 0, 0, 0, 0, 0, 0, 0, 0, 0, 0, 1",,
690,pets world pet clinic in lahore,pk,,,,,,,,,,,2020-03-07,,,"0, 0, 0, 0, 0, 0, 0, 0, 0, 0, 0, 0, 0, 0, 0, 0, 0, 0, 0, 0, 0, 0, 0, 0",1,
691,zia veterinary clinic (dha) lahore,pk,,,,,,,,,,,2021-03-05,,,"0, 0, 0, 0, 0, 0, 0, 0, 0, 0, 0, 0, 0, 0, 0, 0, 0, 0, 0, 0, 0, 0, 0, 0",1,
692,goat animal doctor near me,pk,,,,,,,,,,,2025-07-18,,,"0, 0, 0, 0, 0, 0, 0, 0, 0, 0, 5, 0, 0, 0, 0, 0, 0, 0, 0, 0, 4, 1, 0, 0",2,
693,veterinary doctor cover letter examples,pk,,,,,,,,,,,2021-11-30,,,"0, 0, 0, 0, 0, 0, 0, 0, 0, 0, 0, 0, 0, 0, 0, 0, 0, 0, 0, 0, 0, 0, 0, 0",1,
694,veterinary doctor in meerut,pk,,,,,,,,,,,2023-07-04,,,"1, 1, 0, 0, 0, 0, 1, 0, 0, 0, 0, 0, 0, 0, 0, 0, 0, 0, 0, 0, 0, 0, 0, 0",1,
695,veterinary doctor admission 2023,pk,,,,,,,,,,,2023-04-23,,,"0, 0, 0, 0, 0, 0, 0, 0, 0, 0, 0, 0, 0, 0, 0, 0, 0, 0, 0, 0, 0, 0, 0, 0",1,
696,veterinary doctor salary in andhra pradesh,pk,,,,,,,,,,,2021-02-07,,,"0, 0, 0, 0, 0, 0, 0, 0, 0, 0, 0, 0, 0, 0, 0, 0, 0, 0, 0, 0, 0, 0, 0, 0",1,
697,study for veterinary doctor,pk,,,,,,,,20,,,2020-09-29,,,"0, 0, 0, 0, 0, 0, 0, 0, 0, 0, 1, 1, 0, 1, 1, 0, 2, 0, 0, 0, 0, 1, 0, 1",2,
698,doctor logo veterinary,pk,,,,,,,,,,,2025-08-18,,,"0, 0, 0, 0, 0, 0, 0, 0, 0, 0, 0, 4, 0, 0, 0, 0, 0, 0, 0, 0, 0, 0, 1, 0",2,
699,best veterinary doctor in delhi,pk,,,,,,,,40,,,2020-01-14,,,"0, 0, 0, 0, 0, 0, 0, 0, 1, 0, 0, 0, 0, 0, 0, 0, 0, 0, 0, 0, 0, 0, 0, 0",1,
700,veterinary doctor in kuwait,pk,,,,,,,,,,,2021-12-30,,,"0, 0, 0, 0, 0, 0, 0, 0, 0, 0, 0, 0, 0, 0, 0, 0, 0, 0, 0, 0, 0, 0, 0, 0",1,
701,veterinary animal doctor,pk,,,,,,,,10,,,2017-12-30,,,"0, 0, 1, 0, 0, 0, 1, 1, 1, 0, 0, 0, 0, 1, 0, 0, 0, 0, 0, 0, 1, 1, 0, 1",2,
702,cat veterinary doctor near me,pk,,,,,,,,40,,,2023-07-18,,,"0, 1, 0, 0, 0, 1, 0, 0, 0, 0, 0, 0, 0, 0, 1, 0, 2, 0, 0, 0, 0, 0, 0, 0",1,
703,online animal doctor,pk,,,,,,,,30,,,2016-09-12,,,"3, 6, 13, 2, 3, 1, 3, 1, 3, 9, 0, 1, 4, 7, 2, 3, 3, 2, 0, 1, 7, 2, 2, 5",4,
704,indian veterinary doctor,pk,,,,,,,,10,,,2020-06-30,,,"0, 1, 1, 0, 1, 0, 0, 0, 0, 0, 1, 0, 0, 0, 0, 0, 0, 0, 0, 0, 0, 0, 0, 0",1,
705,royal pets clinic lahore,pk,,,,,,,,,,,2022-10-30,,,"0, 0, 0, 0, 0, 0, 0, 0, 0, 0, 0, 0, 0, 0, 0, 0, 0, 0, 0, 0, 0, 0, 0, 0",1,
706,veterinary medical doctor,pk,,,,,,,,30,,,2020-07-19,,,"1, 0, 1, 2, 0, 0, 0, 0, 0, 2, 1, 1, 1, 8, 1, 2, 2, 3, 3, 2, 5, 2, 4, 3",4,
707,doctor of veterinary medicine meaning,pk,,,,,,,,,,,2020-10-16,,,"0, 0, 0, 0, 0, 0, 0, 0, 0, 0, 0, 0, 0, 0, 0, 0, 0, 0, 0, 0, 0, 0, 0, 0",1,
708,sample veterinary doctor visiting card,pk,,,,,,,,,,,2025-05-29,,,"0, 0, 0, 0, 0, 0, 0, 0, 1, 13, 11, 7, 4, 3, 0, 0, 0, 0, 0, 0, 0, 0, 0, 0",1,
709,veterinary doctor degree name in india,pk,,,,,,,,10,,,2020-11-24,,,"0, 0, 0, 0, 0, 0, 0, 0, 1, 0, 0, 0, 0, 0, 0, 0, 0, 0, 0, 0, 0, 0, 0, 0",1,
710,veterinary doctor govt job salary,pk,,,,,,,,10,,,2023-10-06,,,"0, 0, 0, 0, 0, 0, 0, 0, 0, 0, 0, 0, 0, 0, 0, 1, 0, 0, 0, 0, 0, 0, 0, 0",1,
711,animal doctor images,pk,,,,,,,,10,,,2021-02-14,,,"0, 0, 0, 0, 0, 0, 0, 0, 1, 0, 0, 0, 0, 0, 0, 3, 2, 1, 0, 0, 1, 0, 0, 0",1,
712,animal goat doctor near me,pk,,,,,,,,,,,2025-06-02,,,"0, 0, 0, 0, 0, 0, 0, 0, 0, 2, 0, 0, 0, 0, 0, 0, 0, 0, 0, 0, 4, 1, 1, 0",2,
713,animal doctor called as,pk,,,,,,,,20,,,2021-11-08,,,"1, 2, 2, 3, 2, 1, 1, 0, 0, 0, 1, 0, 1, 1, 0, 0, 0, 0, 0, 0, 0, 0, 0, 0",1,
714,degree for veterinary doctor,pk,,,,,,,,30,,,2020-07-14,,,"1, 1, 0, 0, 0, 0, 0, 0, 0, 0, 0, 1, 0, 0, 0, 0, 0, 0, 0, 0, 0, 0, 1, 1",2,
715,does veterinary doctor need neet,pk,,,,,,,,100,,,2025-05-23,,,"0, 0, 0, 0, 0, 0, 0, 0, 3, 0, 0, 0, 0, 0, 0, 0, 0, 1, 0, 0, 0, 0, 0, 0",1,
716,animal doctor are called,pk,,,,,,,,30,,,2020-03-16,,,"1, 1, 4, 2, 5, 0, 0, 0, 0, 1, 2, 0, 1, 0, 0, 0, 0, 4, 1, 2, 3, 3, 2, 2",3,
717,who is animal doctor,pk,,,,,,,,10,,,2023-11-13,,,"0, 1, 3, 0, 0, 0, 1, 1, 1, 1, 3, 0, 1, 0, 0, 0, 1, 0, 0, 1, 0, 0, 0, 0",1,
718,veterinary doctor number near me,pk,,,,,,,,10,,,2022-07-15,,,"0, 1, 1, 0, 0, 0, 0, 0, 0, 0, 0, 0, 1, 0, 1, 3, 0, 0, 0, 0, 2, 3, 2, 0",3,
719,animal doctor helpline number near me,pk,,,,,,,,30,,,2024-04-17,,,"0, 0, 0, 0, 0, 0, 0, 0, 0, 0, 0, 3, 1, 0, 0, 0, 0, 0, 3, 0, 0, 1, 0, 0",1,
720,who is the best veterinary doctor in the world,pk,,,,,,,,20,,,2022-12-11,,,"4, 1, 0, 0, 2, 0, 0, 1, 0, 0, 0, 1, 0, 0, 0, 0, 0, 0, 0, 0, 0, 0, 1, 2",2,
721,starting salary of veterinary doctor in india,pk,,,,,,,,20,,,2023-03-24,,,"0, 0, 0, 0, 0, 0, 0, 0, 0, 0, 0, 0, 0, 0, 0, 0, 0, 0, 0, 0, 0, 0, 0, 0",1,
722,animal doctor islamabad,pk,,,,,,,,,,,2022-07-14,,,"0, 0, 0, 0, 0, 0, 0, 0, 0, 0, 8, 0, 0, 0, 0, 0, 0, 0, 0, 0, 0, 0, 0, 0",1,
723,veterinary doctor phone number,pk,,,,,,,,20,,,2020-07-28,,,"0, 0, 0, 0, 0, 0, 0, 0, 0, 0, 1, 0, 1, 0, 0, 0, 2, 0, 1, 3, 0, 1, 1, 1",2,
724,veterinary doctor treating cow,pk,,,,,,,,70,,,2025-10-03,,,"0, 0, 0, 0, 0, 0, 0, 0, 0, 0, 0, 0, 0, 3, 0, 0, 0, 4, 1, 10, 18, 8, 5, 2",6,
725,symbol for veterinary doctor,pk,,,,,,,,,,,2021-03-11,,,"0, 0, 0, 0, 0, 0, 0, 0, 0, 0, 0, 0, 0, 0, 0, 0, 0, 0, 0, 0, 0, 0, 0, 0",1,
726,animal doctor film,pk,,,,,,,,,,,2020-12-27,,,"0, 0, 1, 0, 0, 0, 0, 0, 1, 0, 1, 0, 0, 0, 0, 0, 0, 0, 0, 0, 0, 0, 0, 0",1,
727,veterinary doctor in australia,pk,,,,,,,,10,,,2023-04-22,,,"0, 0, 0, 0, 1, 1, 1, 1, 3, 1, 7, 0, 2, 0, 0, 0, 0, 0, 0, 0, 1, 2, 0, 0",2,
728,free animal doctor near me,pk,,,,,,,,70,,,2018-06-02,,,"0, 0, 1, 0, 3, 2, 1, 0, 0, 0, 0, 0, 0, 0, 0, 0, 1, 0, 1, 1, 1, 0, 0, 0",1,
729,veterinary doctor jobs in abroad,pk,,,,,,,,,,,2016-07-26,,,"0, 0, 0, 0, 0, 0, 0, 0, 0, 0, 0, 0, 0, 0, 0, 0, 0, 0, 0, 0, 0, 0, 0, 0",1,
730,how to become veterinary doctor after 12th,pk,,,,,,,,50,,,2020-09-30,,,"1, 3, 0, 0, 0, 0, 0, 1, 0, 0, 0, 0, 0, 0, 0, 0, 0, 0, 0, 0, 0, 0, 0, 0",1,
731,animal dog doctor near me,pk,,,,,,,,10,,,2023-08-04,,,"0, 0, 0, 0, 0, 0, 0, 0, 0, 0, 0, 0, 0, 0, 0, 0, 0, 3, 1, 0, 0, 0, 0, 0",1,
732,what is the name of animal doctor,pk,,,,,,,,50,,,2020-02-29,,,"9, 7, 10, 4, 7, 11, 5, 4, 0, 0, 0, 0, 1, 2, 0, 0, 0, 4, 3, 6, 3, 3, 2, 1",3,
733,what is the highest salary of veterinary doctor,pk,,,,,,,,,,,2024-06-03,,,"0, 0, 0, 0, 0, 0, 0, 0, 0, 0, 0, 0, 0, 0, 0, 0, 0, 0, 0, 0, 0, 0, 0, 0",1,
734,doctor in veterinary medicine,pk,,,,,,,,50,,,2016-10-28,,,"0, 0, 0, 0, 0, 0, 1, 0, 0, 3, 2, 0, 0, 0, 0, 0, 0, 0, 1, 1, 0, 1, 0, 0",1,
735,farm animal doctor,pk,,,,,,,,10,,,2020-05-31,,,"0, 0, 0, 0, 0, 0, 1, 0, 0, 0, 0, 0, 0, 0, 0, 0, 0, 1, 0, 0, 0, 0, 0, 1",2,
736,australia veterinary doctor salary,pk,,,,,,,,10,,,2025-08-13,,,"0, 0, 0, 0, 0, 0, 0, 0, 0, 0, 0, 3, 0, 0, 0, 0, 0, 0, 1, 0, 0, 0, 2, 0",2,
737,animal bite doctor,pk,,,,,,,,20,,,2022-07-27,,,"0, 0, 0, 0, 0, 1, 0, 0, 0, 0, 0, 0, 0, 0, 0, 0, 0, 0, 0, 0, 0, 0, 0, 0",1,
738,animal doctor phone number,pk,,,,,,,,20,,,2018-06-02,,,"1, 1, 0, 1, 1, 0, 0, 1, 0, 1, 2, 1, 2, 1, 1, 1, 2, 0, 3, 1, 2, 1, 0, 0",1,
739,online consultation with veterinary doctor,pk,,,,,,,,30,,,2021-04-23,,,"1, 1, 2, 0, 0, 0, 0, 0, 1, 1, 1, 0, 0, 0, 0, 0, 0, 0, 0, 0, 0, 0, 0, 0",1,
740,salary of veterinary doctor,pk,,,,,,,,150,,,2017-09-19,,,"0, 0, 0, 3, 0, 0, 0, 1, 0, 1, 1, 1, 0, 0, 0, 0, 0, 1, 0, 0, 3, 0, 0, 0",1,
741,veterinary doctor scope,pk,,,,,,,,20,,,2017-06-04,,,"2, 0, 2, 1, 3, 1, 1, 4, 0, 1, 2, 0, 3, 2, 1, 1, 4, 0, 1, 2, 0, 3, 1, 1",3,
742,i am a veterinary doctor,pk,,,,,,,,,,,2024-04-17,,,"0, 0, 0, 0, 0, 0, 0, 0, 0, 0, 0, 0, 0, 0, 0, 0, 0, 0, 0, 0, 0, 0, 0, 0",1,
743,veterinary doctor after 12th,pk,,,,,,,,30,,,2021-08-13,,,"0, 0, 0, 0, 1, 0, 0, 0, 0, 0, 0, 0, 0, 0, 0, 1, 0, 0, 0, 0, 1, 0, 0, 0",1,
744,jobs in dubai for veterinary doctor,pk,,,,,,,,,,,2017-03-28,,,"0, 0, 0, 0, 0, 0, 0, 0, 0, 0, 0, 0, 0, 0, 0, 0, 0, 0, 0, 0, 0, 0, 0, 0",1,
745,what to study for veterinary doctor,pk,,,,,,,,20,,,2023-08-12,,,"0, 0, 1, 0, 0, 1, 0, 0, 1, 2, 0, 1, 0, 2, 0, 0, 0, 1, 1, 1, 0, 0, 0, 0",1,
746,veterinary doctor salary australia,pk,,,,,,,,10,,,2021-03-27,,,"0, 2, 3, 0, 0, 3, 0, 0, 1, 0, 1, 1, 0, 1, 1, 0, 0, 0, 0, 1, 0, 0, 0, 0",1,
747,an animal doctor is called a,pk,,,,,,,,,,,2021-10-07,,,"0, 0, 0, 0, 0, 0, 0, 0, 0, 0, 0, 0, 0, 0, 0, 0, 0, 0, 0, 0, 0, 0, 0, 0",1,
748,veterinary dog doctor near me,pk,,,,,,,,20,,,2022-09-05,,,"1, 0, 0, 0, 0, 1, 0, 0, 0, 0, 1, 1, 1, 0, 0, 0, 0, 0, 0, 0, 0, 0, 0, 0",1,
749,famous veterinary doctor,pk,,,,,,,,30,,,2021-11-30,,,"0, 2, 0, 0, 0, 0, 1, 0, 0, 0, 0, 0, 0, 1, 0, 0, 0, 0, 1, 0, 0, 0, 0, 0",1,
750,veterinary doctor salary in foreign,pk,,,,,,,,20,,,2022-11-17,,,"2, 0, 0, 0, 1, 0, 0, 2, 0, 0, 0, 0, 0, 0, 0, 0, 0, 0, 0, 0, 0, 4, 0, 1",3,
751,visiting card veterinary doctor,pk,,,,,,,,10,,,2023-12-28,,,"1, 5, 0, 7, 1, 0, 0, 0, 0, 0, 5, 0, 4, 0, 1, 8, 0, 0, 0, 0, 0, 0, 3, 3",3,
752,veterinary doctor cake,pk,,,,,,,,,,,2021-01-14,,,"0, 0, 1, 1, 1, 0, 0, 0, 0, 0, 0, 0, 0, 0, 0, 0, 0, 0, 0, 0, 0, 0, 0, 0",1,
753,veterinary doctor veterinary quotes,pk,,,,,,,,,,,2020-01-17,,,"0, 0, 0, 0, 2, 0, 0, 0, 0, 0, 0, 0, 0, 0, 0, 0, 0, 0, 0, 0, 0, 0, 0, 0",1,
754,what is an animal doctor called?,pk,,,,,,,,,,,2021-12-11,,,"0, 2, 0, 0, 0, 0, 0, 0, 0, 0, 0, 0, 0, 0, 0, 0, 0, 0, 0, 0, 0, 0, 0, 0",1,
755,what do we call an animal doctor,pk,,,,,,,,30,,,2021-12-29,,,"2, 8, 4, 3, 2, 1, 2, 2, 5, 1, 5, 4, 0, 5, 1, 0, 1, 2, 3, 1, 3, 3, 2, 3",4,
756,animal doctor emergency number,pk,,,,,,,,30,,,2021-04-08,,,"0, 0, 1, 0, 1, 4, 0, 0, 0, 3, 0, 2, 1, 2, 0, 2, 4, 1, 3, 1, 9, 2, 0, 0",2,
757,veterinary doctor years,pk,,,,,,,,,,,2023-10-11,,,"0, 0, 0, 0, 0, 0, 1, 2, 0, 0, 0, 0, 0, 0, 0, 0, 0, 0, 0, 0, 0, 0, 0, 0",1,
758,doctor of veterinary medicine australia,pk,,,,,,,,60,,,2020-02-24,,,"0, 0, 0, 1, 0, 0, 0, 0, 0, 0, 1, 1, 1, 0, 0, 1, 0, 0, 0, 0, 1, 0, 0, 0",1,
759,who is a veterinary doctor,pk,,,,,,,,150,,,2022-06-24,,,"0, 1, 4, 5, 4, 0, 0, 2, 0, 1, 1, 2, 0, 1, 0, 0, 0, 0, 3, 2, 1, 1, 0, 2",2,
760,animal doctor course in pakistan,pk,,,,,,,,,,,2020-02-05,,,"0, 0, 0, 0, 0, 0, 0, 2, 0, 0, 0, 2, 0, 0, 0, 0, 0, 0, 0, 0, 0, 0, 0, 0",1,
761,salary of veterinary doctor in america,pk,,,,,,,,,,,2023-07-21,,,"0, 0, 0, 0, 0, 0, 0, 0, 1, 0, 0, 0, 0, 0, 0, 0, 0, 0, 0, 0, 0, 0, 0, 0",1,
762,gentle animal doctor omaha,pk,,,,,,,,30,,,2022-06-28,,,"0, 0, 0, 0, 0, 0, 0, 0, 0, 0, 0, 0, 0, 0, 0, 1, 0, 0, 0, 0, 0, 0, 0, 0",1,
763,animal doctor consultation,pk,,,,,,,,10,,,2021-10-24,,,"0, 0, 0, 0, 0, 0, 0, 0, 0, 0, 0, 0, 0, 0, 0, 0, 0, 0, 0, 0, 0, 0, 0, 0",1,
764,veterinary doctor search,pk,,,,,,,,10,,,2022-06-15,,,"0, 0, 0, 0, 0, 0, 0, 0, 0, 0, 0, 1, 0, 0, 0, 0, 0, 0, 0, 0, 0, 0, 0, 0",1,
765,how can i become veterinary doctor,pk,,,,,,,,20,,,2023-01-10,,,"2, 3, 2, 0, 3, 0, 2, 1, 2, 0, 1, 1, 0, 0, 0, 0, 0, 0, 0, 0, 0, 0, 0, 0",1,
766,what's the name of animal doctor,pk,,,,,,,,,,,2022-09-22,,,"0, 0, 0, 0, 0, 0, 0, 0, 0, 0, 0, 0, 0, 0, 0, 0, 0, 0, 0, 0, 0, 0, 0, 0",1,
767,animal doctor in mumbai,pk,,,,,,,,10,,,2021-12-26,,,"0, 0, 0, 0, 0, 0, 0, 0, 0, 2, 0, 0, 0, 0, 0, 0, 0, 0, 0, 0, 0, 0, 0, 0",1,
768,veterinary doctor kaise bane,pk,,,,,,,,250,,,2019-07-02,,,"0, 0, 0, 0, 0, 0, 0, 0, 0, 0, 1, 0, 0, 0, 0, 0, 0, 0, 0, 0, 0, 0, 0, 0",1,
769,veterinary doctor study course,pk,,,,,,,,20,,,2026-01-18,,,"0, 0, 0, 0, 0, 0, 0, 0, 0, 0, 0, 0, 0, 0, 0, 0, 1, 1, 0, 1, 0, 2, 0, 0",2,
770,animal ke doctor ko kya bolte,pk,,,,,,,,20,,,2026-01-30,,,"0, 0, 0, 0, 0, 0, 0, 0, 0, 0, 0, 0, 0, 0, 0, 0, 1, 1, 3, 3, 4, 1, 1, 1",2,
771,how can i be a veterinary doctor,pk,,,,,,,,10,,,2022-06-18,,,"0, 0, 0, 0, 0, 0, 0, 0, 0, 1, 1, 3, 0, 0, 0, 0, 0, 0, 0, 0, 0, 0, 0, 0",1,
772,animal doctor cartoon images,pk,,,,,,,,,,,2024-01-06,,,"0, 0, 0, 0, 2, 0, 0, 0, 0, 0, 0, 0, 0, 0, 0, 0, 0, 0, 0, 0, 0, 0, 0, 0",1,
773,veterinary doctor clinic,pk,,,,,,,,,,,2024-05-01,,,"0, 0, 0, 0, 0, 0, 0, 0, 0, 0, 0, 0, 0, 0, 0, 0, 0, 1, 1, 0, 0, 2, 1, 1",2,
774,veterinary doctor examining cow,pk,,,,,,,,,,,2026-04-15,,,"0, 0, 0, 0, 0, 0, 0, 0, 0, 0, 0, 0, 0, 0, 0, 0, 0, 0, 0, 5, 9, 10, 2, 0",5,
775,how to be a animal doctor,pk,,,,,,,,20,,,2020-11-29,,,"0, 0, 0, 0, 1, 0, 0, 0, 0, 0, 0, 0, 0, 1, 0, 0, 0, 0, 1, 0, 0, 0, 0, 0",1,
776,vet doctor in lahore,pk,,,,,,,,,,,2015-12-21,,,"0, 0, 0, 0, 0, 0, 0, 0, 0, 0, 0, 0, 0, 0, 0, 0, 0, 0, 0, 0, 0, 0, 0, 0",1,
777,near by animal doctor,pk,,,,,,,,20,,,2022-06-15,,,"0, 0, 0, 1, 0, 0, 0, 0, 0, 1, 0, 0, 3, 0, 0, 0, 0, 0, 0, 0, 0, 0, 0, 0",1,
778,veterinary doctor college,pk,,,,,,,,20,,,2022-02-26,,,"1, 0, 0, 0, 0, 0, 0, 0, 1, 0, 0, 0, 0, 0, 1, 0, 0, 0, 1, 0, 0, 0, 0, 0",1,
779,what do we call a animal doctor,pk,,,,,,,,10,,,2021-12-23,,,"2, 2, 0, 1, 1, 1, 0, 0, 0, 2, 2, 0, 0, 1, 0, 0, 0, 1, 3, 1, 1, 0, 1, 2",2,
780,scope of veterinary doctor,pk,,,,,,,,30,,,2017-08-23,,,"6, 1, 0, 0, 6, 1, 0, 1, 2, 0, 0, 1, 2, 1, 3, 5, 2, 2, 0, 1, 1, 3, 1, 0",2,
781,animal doctor education,pk,,,,,,,,10,,,2021-04-16,,,"0, 0, 1, 0, 0, 0, 0, 2, 0, 1, 1, 5, 1, 0, 0, 0, 0, 0, 0, 0, 1, 0, 0, 0",1,
782,birds veterinary doctor near me,pk,,,,,,,,20,,,2022-05-25,,,"1, 6, 1, 1, 0, 1, 1, 3, 3, 1, 4, 4, 5, 3, 2, 3, 0, 2, 1, 12, 7, 7, 8, 1",6,
783,can i become veterinary doctor without neet,pk,,,,,,,,40,,,2022-06-14,,,"0, 1, 0, 0, 1, 0, 0, 1, 0, 0, 1, 0, 1, 1, 0, 0, 1, 1, 0, 0, 0, 0, 0, 0",1,
784,what is the degree of veterinary doctor,pk,,,,,,,,10,,,2021-10-29,,,"1, 0, 0, 1, 0, 0, 2, 0, 0, 0, 0, 0, 0, 0, 0, 0, 0, 1, 1, 2, 0, 0, 0, 0",1,
785,asim pets clinic (faisal town) lahore photos,pk,,,,,,,,,,,2023-05-29,,,"0, 0, 0, 0, 0, 0, 0, 0, 0, 0, 0, 0, 0, 0, 0, 0, 0, 0, 0, 0, 0, 0, 0, 0",1,
786,animal doctor clinic,pk,,,,,,,,20,,,2017-09-27,,,"0, 0, 0, 0, 0, 0, 0, 0, 0, 1, 0, 2, 1, 0, 0, 1, 1, 2, 1, 1, 9, 4, 3, 0",3,
787,khyber pets mart and clinic lahore photos,pk,,,,,,,,,,,2023-05-24,,,"0, 0, 0, 0, 0, 0, 0, 0, 0, 0, 0, 0, 0, 0, 0, 0, 0, 0, 0, 0, 0, 0, 0, 0",1,
788,what called animal doctor,pk,,,,,,,,30,,,2021-01-17,,,"6, 4, 5, 5, 6, 3, 5, 0, 0, 1, 3, 2, 7, 3, 2, 0, 0, 3, 4, 2, 1, 3, 2, 5",4,
789,animal doctor number government,pk,,,,,,,,10,,,2025-11-13,,,"0, 0, 0, 0, 0, 0, 0, 0, 0, 0, 0, 0, 0, 0, 1, 0, 2, 1, 0, 1, 5, 2, 1, 0",2,
790,how to become a veterinary doctor after 12th,pk,,,,,,,,350,,,2021-12-25,,,"0, 2, 2, 2, 2, 3, 0, 1, 1, 2, 3, 1, 3, 0, 1, 0, 2, 0, 2, 1, 2, 0, 0, 2",2,
791,how much salary of veterinary doctor,pk,,,,,,,,10,,,2025-01-02,,,"0, 0, 0, 0, 1, 0, 1, 0, 1, 3, 2, 3, 1, 1, 0, 0, 0, 2, 0, 1, 0, 1, 0, 0",2,
792,veterinary doctor quotes,pk,,,,,,,,30,,,2016-04-29,,,"1, 0, 0, 0, 0, 3, 0, 3, 1, 0, 1, 4, 1, 0, 1, 0, 1, 0, 2, 5, 6, 2, 1, 0",2,
793,veterinary doctor jobs in oman,pk,,,,,,,,,,,2016-01-29,,,"0, 5, 10, 19, 11, 0, 0, 0, 0, 0, 0, 0, 0, 0, 0, 0, 0, 0, 0, 0, 0, 0, 0, 0",1,
794,which country is best for veterinary doctor,pk,,,,,,,,30,,,2021-07-15,,,"0, 1, 0, 0, 1, 1, 1, 1, 2, 1, 0, 0, 0, 0, 0, 1, 2, 1, 0, 1, 1, 0, 2, 0",2,
795,veterinary doctor admission,pk,,,,,,,,,,,2023-08-22,,,"3, 0, 0, 0, 0, 0, 0, 0, 0, 10, 1, 0, 0, 0, 0, 0, 0, 0, 0, 0, 0, 0, 0, 0",1,
796,"veterinary doctor, lahore, punjab, pakistan",pk,,,,,,,,,,,2025-12-01,,,"0, 0, 0, 0, 0, 0, 0, 0, 0, 0, 0, 0, 0, 0, 0, 6, 3, 0, 0, 0, 0, 0, 0, 0",1,
797,an animal doctor is called,pk,,,,,,,,90,,,2019-12-19,,,"1, 0, 1, 1, 2, 1, 0, 0, 0, 0, 1, 1, 0, 0, 0, 0, 0, 1, 1, 0, 0, 0, 1, 0",2,
798,nearest veterinary doctor,pk,,,,,,,,100,,,2020-07-25,,,"0, 0, 0, 1, 1, 1, 1, 3, 0, 0, 3, 4, 0, 0, 0, 0, 1, 0, 0, 0, 0, 0, 0, 0",1,
799,animated veterinary doctor,pk,,,,,,,,,,,2020-09-30,,,"0, 0, 0, 0, 0, 0, 0, 0, 0, 0, 0, 0, 0, 0, 0, 0, 0, 1, 0, 0, 0, 0, 0, 0",1,
800,cheap animal doctor near me,pk,,,,,,,,,,,2023-08-17,,,"0, 1, 2, 0, 0, 0, 0, 0, 0, 0, 0, 0, 0, 0, 0, 0, 0, 0, 0, 0, 0, 0, 0, 0",1,
801,veterinary doctor salary in nepal,pk,,,,,,,,30,,,2024-06-18,,,"0, 0, 0, 1, 0, 0, 0, 0, 0, 0, 0, 0, 0, 0, 0, 0, 0, 0, 0, 0, 0, 0, 0, 0",1,
802,qualification of veterinary doctor,pk,,,,,,,,30,,,2021-07-11,,,"0, 0, 0, 0, 1, 0, 0, 1, 0, 0, 0, 0, 0, 1, 0, 0, 0, 0, 0, 0, 0, 0, 0, 0",1,
803,hyderabad veterinary doctor priyanka reddy case,pk,,,,,,,,,,,2022-09-20,,,"0, 0, 0, 0, 0, 0, 0, 0, 0, 0, 0, 0, 0, 0, 0, 0, 0, 0, 0, 0, 0, 0, 0, 0",1,
804,veterinary doctor admission 2026,pk,,,,,,,,,,,2026-06-08,,,"0, 0, 0, 0, 0, 0, 0, 0, 0, 0, 0, 0, 0, 0, 0, 0, 0, 0, 0, 0, 0, 5, 1, 0",3,
805,animal doctor manga,pk,,,,,,,,,,,2021-02-05,,,"0, 0, 0, 1, 0, 0, 0, 0, 0, 1, 0, 0, 0, 0, 0, 0, 0, 0, 0, 0, 0, 0, 0, 0",1,
806,doctor of veterinary medicine diploma,pk,,,,,,,,,,,2021-08-13,,,"0, 0, 0, 0, 0, 0, 0, 0, 0, 0, 0, 0, 0, 0, 0, 0, 0, 0, 1, 0, 0, 0, 0, 0",1,
807,veterinary doctor near me open now,pk,,,,,,,,150,,,2023-04-28,,,"7, 1, 6, 1, 4, 5, 13, 5, 8, 14, 4, 10, 4, 3, 7, 3, 2, 1, 7, 5, 8, 5, 5, 3",5,
808,what does animal doctor called,pk,,,,,,,,30,,,2020-03-19,,,"7, 5, 1, 2, 6, 11, 7, 2, 6, 5, 2, 5, 6, 2, 0, 0, 1, 0, 6, 4, 6, 6, 3, 4",5,
809,doctor of veterinary medicine subjects,pk,,,,,,,,,,,2022-05-11,,,"0, 0, 0, 0, 0, 0, 0, 0, 0, 0, 1, 0, 0, 0, 0, 0, 0, 0, 0, 0, 0, 0, 0, 0",1,
810,veterinary doctor near me for dogs,pk,,,,,,,,10,,,2020-03-17,,,"0, 0, 0, 0, 0, 0, 0, 0, 0, 0, 0, 0, 0, 0, 0, 0, 0, 0, 0, 0, 0, 0, 0, 0",1,
811,near veterinary doctor,pk,,,,,,,,30,,,2023-05-13,,,"0, 0, 0, 0, 0, 1, 0, 0, 0, 0, 0, 0, 0, 0, 0, 0, 0, 1, 0, 0, 0, 0, 1, 0",1,
812,alexandria animal doctor,pk,,,,,,,,10,,,2022-02-08,,,"0, 0, 0, 0, 0, 1, 0, 0, 0, 0, 0, 0, 0, 0, 0, 0, 0, 0, 0, 0, 0, 0, 0, 0",1,
813,service animal doctor letter,pk,,,,,,,,80,,,2021-12-24,,,"0, 0, 0, 0, 0, 0, 1, 0, 0, 0, 0, 0, 0, 0, 0, 0, 0, 0, 0, 0, 0, 0, 0, 0",1,
814,doctor veterinary salary,pk,,,,,,,,,,,2023-06-09,,,"0, 0, 0, 0, 0, 0, 0, 0, 0, 0, 0, 0, 0, 0, 0, 0, 0, 0, 0, 0, 0, 0, 0, 0",1,
815,payment of veterinary doctor,pk,,,,,,,,,,,2022-07-28,,,"1, 1, 3, 0, 0, 1, 0, 0, 0, 0, 0, 0, 0, 0, 0, 0, 0, 0, 0, 0, 0, 0, 0, 0",1,
816,service animal letter from doctor,pk,,,,,,,,150,,,2022-04-14,,,"0, 0, 0, 1, 0, 0, 0, 0, 0, 0, 0, 0, 0, 0, 0, 0, 0, 0, 0, 0, 0, 0, 0, 1",,
817,animal doctor free consultation,pk,,,,,,,,,,,2021-11-18,,,"1, 0, 1, 0, 0, 0, 0, 0, 0, 1, 0, 0, 0, 0, 0, 0, 0, 0, 0, 0, 0, 0, 0, 0",1,
818,k & i animal hospital lahore,pk,,,,,,,,,,,2021-08-30,,,"0, 0, 0, 0, 0, 0, 0, 0, 0, 0, 0, 0, 0, 0, 0, 0, 0, 0, 0, 0, 0, 0, 0, 0",1,
819,what is the name of an animal doctor,pk,,,,,,,,10,,,2020-10-19,,,"0, 0, 0, 0, 0, 0, 0, 0, 1, 0, 0, 0, 0, 0, 0, 0, 0, 0, 0, 0, 0, 0, 0, 0",1,
820,what does veterinary doctor do,pk,,,,,,,,20,,,2022-05-18,,,"0, 0, 0, 1, 0, 2, 0, 0, 0, 1, 0, 0, 1, 0, 4, 0, 0, 0, 0, 4, 0, 1, 0, 1",2,
821,visiting card for veterinary doctor,pk,,,,,,,,30,,,2021-03-13,,,"4, 12, 5, 2, 12, 1, 6, 10, 9, 0, 3, 2, 2, 4, 1, 0, 6, 6, 2, 3, 4, 10, 5, 4",7,
822,animal doctor clinic near me,pk,,,,,,,,,,,2023-02-26,,,"0, 1, 2, 3, 2, 0, 0, 3, 4, 0, 0, 2, 2, 0, 0, 0, 0, 0, 0, 2, 5, 0, 0, 0",1,
823,veterinary doctor meaning in tamil,pk,,,,,,,,10,,,2024-07-01,,,"0, 0, 0, 0, 0, 0, 0, 0, 0, 0, 0, 0, 0, 0, 0, 0, 0, 0, 0, 0, 0, 0, 0, 0",1,
824,veterinary doctor per month salary,pk,,,,,,,,,,,2023-09-13,,,"0, 1, 0, 1, 0, 0, 0, 0, 0, 0, 0, 0, 0, 0, 0, 0, 0, 0, 0, 0, 0, 0, 0, 0",1,
825,can we become veterinary doctor without neet,pk,,,,,,,,40,,,2022-11-08,,,"0, 0, 1, 0, 0, 0, 0, 0, 0, 0, 0, 0, 0, 0, 0, 0, 0, 0, 0, 0, 0, 0, 0, 0",1,
826,animal doctor game,pk,,,,,,,,20,,,2021-02-06,,,"0, 0, 0, 0, 0, 0, 0, 0, 0, 0, 2, 0, 0, 0, 0, 1, 0, 1, 1, 0, 0, 0, 0, 0",1,
827,veterinary doctor in mulund west,pk,,,,,,,,,,,2021-07-16,,,"0, 0, 0, 0, 0, 0, 0, 0, 0, 0, 0, 0, 0, 0, 0, 0, 0, 0, 0, 0, 0, 0, 0, 0",1,
828,veterinary doctor nearby,pk,,,,,,,,30,,,2020-02-25,,,"0, 0, 1, 1, 0, 0, 0, 0, 0, 0, 0, 0, 0, 3, 2, 0, 5, 1, 2, 1, 2, 0, 6, 0",3,
829,"veterinary doctor, faisalabad, punjab, pakistan",pk,,,,,,,,,,,2025-12-31,,,"0, 0, 0, 0, 0, 0, 0, 0, 0, 0, 0, 0, 0, 0, 0, 1, 4, 0, 0, 0, 0, 0, 0, 0",1,
830,what to call animal doctor,pk,,,,,,,,,,,2024-02-02,,,"1, 2, 1, 2, 0, 3, 2, 0, 0, 1, 4, 0, 0, 0, 0, 0, 0, 0, 0, 0, 0, 1, 3, 1",3,
831,animal doctor hospital,pk,,,,,,,,,,,2020-10-08,,,"0, 0, 0, 0, 0, 0, 0, 0, 0, 2, 0, 0, 0, 0, 0, 0, 0, 0, 0, 0, 0, 0, 0, 0",1,
832,veterinary doctor in india,pk,,,,,,,,30,,,2021-08-18,,,"0, 1, 1, 2, 0, 1, 0, 1, 0, 2, 0, 0, 1, 0, 0, 0, 0, 0, 0, 0, 0, 1, 0, 0",2,
833,dog bite vaccination in lahore,pk,,,,,,,,,,,2019-01-31,,,"0, 0, 0, 0, 0, 0, 0, 22, 10, 0, 0, 7, 0, 0, 0, 0, 0, 0, 0, 2, 2, 0, 0, 0",1,
834,doctor of veterinary medicine meaning in urdu,pk,,,,,,,,,,,2017-09-29,,,"3, 5, 7, 1, 15, 0, 6, 18, 7, 0, 7, 10, 5, 1, 0, 0, 5, 0, 0, 0, 0, 1, 1, 0",2,
835,veterinary doctor treating animals,pk,,,,,,,,40,,,2026-01-21,,,"0, 0, 0, 0, 0, 0, 0, 0, 0, 0, 0, 0, 0, 0, 0, 0, 1, 1, 1, 3, 2, 1, 1, 0",2,
836,animal doctor in pakistan,pk,,,,,,,,,,,2015-10-19,,,"0, 3, 0, 0, 0, 0, 0, 0, 0, 5, 0, 0, 0, 0, 0, 6, 4, 1, 0, 0, 0, 0, 0, 0",1,
837,scope of veterinary doctor in usa,pk,,,,,,,,,,,2021-05-22,,,"0, 0, 0, 0, 0, 0, 0, 0, 0, 0, 0, 0, 0, 0, 0, 0, 0, 0, 0, 0, 0, 0, 0, 0",1,
838,my ambition veterinary doctor essay,pk,,,,,,,,,,,2021-05-27,,,"0, 0, 0, 0, 0, 0, 0, 0, 0, 0, 0, 0, 0, 0, 0, 0, 0, 0, 0, 0, 0, 0, 0, 0",1,
839,how can i become a veterinary doctor,pk,,,,,,,,30,,,2023-03-31,,,"2, 0, 0, 0, 0, 0, 0, 0, 0, 2, 0, 0, 0, 0, 0, 0, 0, 0, 0, 1, 1, 0, 0, 0",1,
840,quotes for veterinary doctor,pk,,,,,,,,,,,2023-04-06,,,"4, 0, 1, 1, 2, 0, 0, 1, 0, 0, 0, 0, 0, 0, 0, 0, 0, 0, 0, 0, 0, 0, 0, 0",1,
841,animal doctor costume,pk,,,,,,,,,,,2020-05-23,,,"0, 0, 0, 0, 0, 0, 0, 0, 0, 0, 0, 0, 0, 0, 0, 0, 0, 0, 0, 0, 0, 0, 0, 0",1,
842,how much marks required for veterinary doctor,pk,,,,,,,,20,,,2024-01-08,,,"1, 5, 0, 1, 1, 0, 0, 1, 0, 1, 0, 0, 0, 1, 0, 0, 0, 0, 0, 0, 0, 0, 0, 0",1,
843,salary of government veterinary doctor in india,pk,,,,,,,,10,,,2023-10-02,,,"0, 0, 0, 1, 0, 0, 0, 0, 0, 0, 0, 0, 1, 0, 0, 0, 0, 0, 0, 0, 0, 0, 0, 0",1,
844,veterinary doctor meaning in urdu,pk,,,,0.08,,,,,,,2016-01-01,"Informational,Non-branded,Non-local",English,"5, 9, 38, 45, 23, 63, 28, 15, 4, 1, 4, 2, 1, 4, 2, 2, 0, 0, 1, 0, 1, 3, 0, 3",3,Veterinarians; Foreign language
845,abbreviation for veterinary doctor,pk,,,,,,,,10,,,2021-06-16,,,"1, 0, 0, 0, 0, 0, 0, 0, 0, 0, 0, 0, 0, 0, 0, 0, 0, 0, 0, 0, 0, 0, 0, 0",1,
846,veterinary doctor vet business card,pk,,,,,,,,,,,2020-06-24,,,"3, 0, 0, 0, 0, 0, 0, 0, 0, 0, 0, 0, 0, 0, 0, 0, 0, 0, 0, 0, 0, 0, 0, 0",1,
847,veterinary doctor kolkata,pk,,,,,,,,60,,,2021-01-01,,,"0, 0, 0, 0, 0, 0, 0, 0, 0, 0, 0, 0, 0, 0, 0, 0, 0, 0, 0, 0, 0, 0, 0, 0",1,
848,veterinary doctor animal treatment,pk,,,,,,,,10,,,2026-04-16,,,"0, 0, 0, 0, 0, 0, 0, 0, 0, 0, 0, 0, 0, 0, 0, 0, 0, 0, 0, 2, 1, 1, 0, 0",2,
849,animal doctor pakenham,pk,,,,,,,,,,,2022-01-18,,,"0, 0, 0, 0, 0, 0, 0, 0, 0, 0, 0, 0, 0, 0, 0, 0, 0, 0, 0, 0, 0, 0, 0, 0",1,
850,animal doctor staunton il,pk,,,,,,,,20,,,2021-05-10,,,"0, 0, 0, 0, 0, 0, 0, 0, 0, 0, 0, 0, 0, 0, 0, 0, 0, 0, 0, 0, 0, 0, 0, 0",1,
851,veterinary doctor eligibility,pk,,,,,,,,80,,,2023-05-16,,,"0, 0, 0, 0, 0, 0, 0, 0, 0, 0, 0, 0, 0, 2, 0, 0, 0, 0, 0, 1, 0, 0, 0, 0",1,
852,veterinary doctor image,pk,,,,,,,,30,,,2018-09-28,,,"0, 0, 0, 0, 0, 1, 3, 0, 4, 0, 1, 2, 0, 2, 1, 0, 0, 0, 0, 0, 1, 1, 0, 0",2,
853,veterinary doctor in kanpur,pk,,,,,,,,,,,2021-07-09,,,"0, 0, 0, 0, 0, 0, 0, 0, 1, 0, 0, 0, 0, 0, 0, 0, 0, 0, 0, 0, 0, 0, 0, 0",1,
854,veterinary doctor treating cow farm,pk,,,,,,,,,,,2026-03-08,,,"0, 0, 0, 0, 0, 0, 0, 0, 0, 0, 0, 0, 0, 0, 0, 0, 0, 0, 2, 2, 0, 2, 0, 0",2,
855,is veterinary doctor a good career,pk,,,,,,,,30,,,2022-03-27,,,"2, 0, 2, 1, 2, 2, 2, 0, 0, 0, 0, 0, 1, 0, 0, 0, 0, 0, 0, 0, 1, 0, 0, 0",1,
856,animal of doctor,pk,,,,,,,,,,,2024-08-10,,,"1, 0, 0, 0, 0, 0, 0, 0, 0, 0, 0, 0, 0, 0, 0, 0, 0, 0, 0, 0, 0, 0, 0, 0",1,
857,veterinary doctor birthday cake,pk,,,,,,,,,,,2020-06-19,,,"3, 1, 0, 1, 0, 1, 0, 0, 0, 0, 0, 0, 0, 0, 0, 0, 0, 0, 0, 0, 0, 0, 0, 0",1,
858,diploma for veterinary doctor,pk,,,,,,,,,,,2022-07-02,,,"0, 0, 0, 0, 0, 0, 0, 0, 0, 0, 0, 0, 0, 0, 0, 0, 0, 0, 0, 0, 0, 0, 0, 0",1,
859,requirements for veterinary doctor,pk,,,,,,,,10,,,2020-08-31,,,"0, 0, 0, 0, 2, 0, 0, 0, 0, 1, 1, 0, 1, 0, 2, 0, 0, 0, 0, 0, 0, 0, 0, 0",1,
860,animal doctor course name in hindi,pk,,,,,,,,,,,2024-01-14,,,"0, 0, 0, 0, 0, 0, 0, 2, 0, 0, 0, 0, 0, 0, 0, 0, 0, 0, 0, 0, 0, 0, 0, 0",1,
861,veterinary doctor near me for cats,pk,,,,,,,,30,,,2020-07-12,,,"0, 0, 0, 0, 0, 0, 1, 0, 0, 0, 2, 0, 1, 0, 1, 0, 0, 1, 0, 2, 1, 0, 1, 5",3,
862,symbol of veterinary doctor,pk,,,,,,,,,,,2023-03-06,,,"0, 0, 0, 0, 0, 0, 0, 0, 0, 0, 0, 0, 0, 0, 0, 0, 0, 0, 0, 0, 0, 0, 0, 0",1,
863,animal doctor claremore,pk,,,,,,,,30,,,2022-11-02,,,"0, 0, 0, 0, 0, 2, 0, 0, 0, 1, 0, 0, 0, 0, 0, 0, 0, 0, 0, 0, 0, 0, 0, 0",1,
864,veterinary doctor salary in india per month,pk,,,,,,,,10,,,2023-05-12,,,"0, 0, 0, 0, 0, 0, 0, 0, 1, 0, 0, 0, 0, 0, 0, 0, 0, 0, 0, 1, 0, 0, 0, 0",1,
865,govt veterinary doctor salary per month,pk,,,,,,,,60,,,2024-04-28,,,"1, 0, 0, 0, 0, 0, 0, 0, 0, 0, 0, 0, 0, 0, 1, 0, 0, 0, 0, 0, 0, 0, 0, 0",1,
866,animal doctor near me 24 hours,pk,,,,,,,,,,,2020-04-06,,,"0, 0, 0, 0, 0, 0, 0, 0, 1, 0, 0, 0, 0, 0, 0, 0, 0, 0, 0, 0, 0, 0, 0, 0",1,
867,veterinary doctor near me within 800m,pk,,,,,,,,,,,2024-12-02,,,"0, 0, 0, 1, 0, 2, 0, 1, 0, 3, 1, 2, 1, 0, 1, 0, 0, 0, 1, 0, 0, 0, 0, 0",1,
868,veterinary doctor salary in odisha,pk,,,,,,,,150,,,2022-01-02,,,"0, 0, 0, 0, 0, 0, 0, 0, 0, 0, 0, 0, 0, 0, 0, 0, 0, 0, 0, 0, 0, 0, 0, 0",1,
869,veterinary doctor visiting card in hindi,pk,,,,,,,,10,,,2021-01-23,,,"0, 0, 1, 0, 0, 0, 0, 0, 1, 0, 0, 0, 0, 0, 0, 0, 0, 0, 0, 0, 0, 0, 0, 0",1,
870,animal specialist doctor,pk,,,,,,,,10,,,2020-09-08,,,"1, 0, 0, 0, 4, 2, 0, 0, 1, 1, 0, 2, 0, 0, 1, 0, 0, 3, 2, 0, 2, 0, 1, 0",1,
871,captions for veterinary doctor,pk,,,,,,,,,,,2023-06-18,,,"1, 2, 4, 5, 1, 1, 3, 3, 1, 1, 0, 0, 0, 0, 1, 1, 0, 0, 0, 0, 0, 0, 0, 0",1,
872,what is the name of doctor of animal,pk,,,,,,,,,,,2024-07-04,,,"1, 0, 0, 1, 2, 1, 2, 0, 0, 0, 0, 0, 0, 0, 0, 0, 0, 0, 0, 0, 0, 0, 0, 0",1,
873,veterinary doctor salary in america,pk,,,,,,,,10,,,2022-08-14,,,"10, 4, 0, 2, 2, 1, 0, 0, 0, 2, 4, 1, 2, 0, 0, 0, 0, 0, 0, 1, 0, 0, 1, 1",2,
874,veterinary doctor starting salary per month,pk,,,,,,,,20,,,2021-09-08,,,"0, 0, 2, 0, 0, 0, 0, 0, 0, 0, 1, 0, 0, 0, 0, 1, 0, 1, 1, 0, 0, 1, 1, 1",,
875,veterinary doctor dp for whatsapp,pk,,,,,,,,10,,,2022-11-26,,,"4, 3, 1, 1, 5, 0, 3, 1, 1, 0, 0, 2, 0, 0, 0, 3, 3, 0, 1, 0, 5, 2, 2, 0",2,
876,salary of veterinary doctor in punjab,pk,,,,,,,,10,,,2016-03-07,,,"0, 0, 0, 0, 0, 1, 0, 0, 0, 0, 0, 0, 0, 0, 0, 0, 1, 0, 0, 0, 0, 0, 0, 0",1,
877,how much does veterinary doctor make,pk,,,,,,,,20,,,2022-11-03,,,"0, 0, 0, 0, 0, 0, 0, 0, 0, 0, 0, 0, 0, 0, 0, 0, 0, 0, 0, 0, 0, 0, 0, 0",1,
878,veterinary doctor jobs in dubai,pk,,,,,,,,40,,,2015-10-22,,,"1, 3, 3, 3, 4, 3, 7, 4, 16, 1, 8, 6, 1, 3, 1, 5, 0, 7, 0, 8, 5, 2, 0, 0",2,
879,doctor animal near me,pk,,,,,,,,10,,,2022-08-19,,,"0, 0, 0, 0, 1, 1, 1, 1, 3, 4, 3, 3, 0, 0, 0, 0, 3, 0, 0, 2, 8, 1, 4, 2",3,
880,online veterinary doctor near me,pk,,,,,,,,10,,,2020-07-26,,,"4, 1, 0, 0, 0, 0, 0, 0, 1, 0, 0, 1, 1, 2, 0, 0, 0, 0, 2, 1, 3, 0, 1, 2",2,
881,bird veterinary doctor near me,pk,,,,,,,,60,,,2020-07-09,,,"0, 0, 3, 1, 0, 0, 1, 2, 0, 0, 1, 2, 1, 0, 0, 0, 0, 0, 1, 0, 0, 1, 1, 1",2,
882,an animal doctor,pk,,,,,,,,100,,,2019-01-28,,,"0, 1, 0, 1, 0, 0, 0, 1, 0, 0, 1, 1, 1, 1, 0, 1, 1, 0, 0, 0, 0, 4, 0, 0",2,
883,veterinary doctor salary per month in usa,pk,,,,,,,,,,,2022-01-11,,,"0, 0, 0, 0, 0, 0, 0, 0, 0, 0, 0, 0, 0, 0, 0, 0, 0, 0, 0, 0, 0, 0, 0, 0",1,
884,veteran animal doctor,pk,,,,,,,,,,,2016-04-06,,,"0, 0, 0, 0, 0, 0, 0, 0, 0, 0, 0, 0, 0, 0, 0, 0, 0, 0, 0, 0, 0, 0, 0, 0",1,
885,what is called animal doctor in english,pk,,,,,,,,,,,2020-10-06,,,"1, 0, 0, 0, 0, 0, 1, 0, 0, 1, 1, 1, 0, 0, 0, 0, 0, 0, 0, 0, 0, 0, 1, 0",2,
886,doctor of veterinary medicine symbol,pk,,,,,,,,10,,,2015-12-08,,,"2, 0, 0, 0, 0, 0, 0, 0, 0, 0, 0, 0, 0, 0, 0, 0, 0, 0, 0, 0, 0, 0, 0, 0",1,
887,scope of veterinary doctor in abroad,pk,,,,,,,,20,,,2022-07-25,,,"0, 0, 0, 0, 0, 1, 1, 2, 0, 0, 0, 0, 1, 0, 0, 6, 0, 0, 1, 0, 2, 5, 2, 3",4,
888,which course for animal doctor,pk,,,,,,,,,,,2022-10-05,,,"1, 0, 0, 0, 0, 0, 0, 0, 0, 0, 0, 0, 0, 0, 0, 0, 0, 0, 0, 0, 0, 0, 0, 0",1,
889,animal care doctor near me,pk,,,,,,,,,,,2022-07-16,,,"0, 0, 0, 0, 0, 0, 0, 0, 0, 0, 0, 0, 0, 0, 0, 0, 0, 0, 0, 0, 0, 0, 0, 0",1,
890,veterinary doctor salary in abroad per month,pk,,,,,,,,80,,,2023-08-05,,,"0, 0, 1, 0, 0, 1, 0, 0, 2, 0, 0, 0, 0, 1, 0, 1, 0, 1, 0, 0, 0, 0, 0, 0",1,
891,doctor harlow animal hospital,pk,,,,,,,,250,,,2026-07-13,,,"0, 0, 0, 0, 0, 0, 0, 0, 0, 0, 0, 0, 0, 0, 0, 0, 0, 0, 0, 0, 0, 0, 4, 1",3,
892,animal doctor cow doctor visiting card,pk,,,,,,,,10,,,2021-09-04,,,"0, 0, 0, 0, 0, 0, 1, 1, 3, 2, 0, 0, 1, 0, 0, 0, 1, 2, 0, 0, 2, 1, 2, 1",2,
893,animal doctor subjects,pk,,,,,,,,,,,2023-10-14,,,"0, 0, 0, 0, 0, 0, 0, 0, 0, 0, 0, 0, 0, 0, 0, 0, 0, 0, 0, 0, 0, 0, 0, 0",1,
894,government veterinary doctor,pk,,,,,,,,10,,,2022-06-28,,,"0, 0, 0, 1, 0, 0, 0, 0, 0, 0, 1, 0, 0, 0, 0, 0, 0, 0, 0, 2, 1, 1, 0, 0",1,
895,veterinary doctor information,pk,,,,,,,,10,,,2019-05-26,,,"2, 1, 1, 0, 2, 2, 0, 0, 2, 2, 0, 0, 0, 0, 0, 0, 0, 0, 0, 0, 0, 0, 0, 1",2,
896,veterinary doctor salary in kuwait,pk,,,,,,,,10,,,2018-12-21,,,"3, 4, 6, 1, 3, 2, 0, 4, 8, 12, 4, 8, 4, 3, 3, 6, 4, 3, 1, 4, 0, 2, 0, 0",2,
897,best veterinary doctor in kerala,pk,,,,,,,,,,,2023-04-04,,,"0, 0, 0, 0, 0, 0, 0, 0, 0, 0, 0, 0, 0, 0, 0, 0, 0, 0, 0, 0, 0, 0, 0, 0",1,
898,cv of veterinary doctor,pk,,,,,,,,,,,2016-04-21,,,"19, 3, 0, 0, 0, 5, 1, 0, 0, 0, 0, 0, 0, 0, 1, 1, 0, 0, 0, 0, 0, 0, 0, 0",1,
899,world best veterinary doctor,pk,,,,,,,,10,,,2020-04-14,,,"2, 3, 1, 1, 0, 3, 1, 0, 1, 2, 0, 1, 0, 0, 0, 0, 1, 0, 0, 0, 7, 2, 0, 1",2,
900,veterinary doctor salary in assam,pk,,,,,,,,50,,,2021-11-10,,,"0, 0, 0, 0, 0, 0, 0, 1, 0, 0, 0, 0, 0, 1, 0, 0, 0, 0, 0, 0, 0, 0, 0, 0",1,
901,animal doctor college,pk,,,,,,,,10,,,2020-01-20,,,"0, 0, 0, 0, 0, 0, 0, 0, 0, 0, 0, 0, 0, 0, 0, 0, 1, 0, 0, 0, 0, 0, 0, 0",1,
902,animal doctor online,pk,,,,,,,,,,,2015-12-17,,,"0, 2, 2, 0, 2, 0, 6, 0, 4, 8, 7, 5, 2, 3, 1, 0, 0, 0, 0, 0, 0, 0, 0, 0",1,
903,doctor of veterinary medicine dvm,pk,,,,,,,,10,,,2025-04-06,,,"0, 0, 0, 0, 0, 0, 0, 1, 0, 0, 0, 0, 0, 0, 1, 1, 0, 0, 0, 1, 0, 2, 1, 0",2,
904,how to become a veterinary doctor in india,pk,,,,,,,,80,,,2021-01-13,,,"0, 0, 0, 0, 0, 0, 0, 0, 1, 0, 0, 0, 0, 0, 0, 0, 0, 0, 0, 0, 0, 0, 0, 0",1,
905,veterinary doctor status,pk,,,,,,,,10,,,2021-08-11,,,"0, 0, 0, 0, 0, 0, 0, 0, 0, 0, 0, 0, 0, 0, 0, 0, 0, 0, 0, 0, 0, 0, 0, 0",1,
906,doctor animal hospital,pk,,,,,,,,1000,,,2018-01-23,,,"2, 0, 0, 0, 1, 0, 0, 0, 0, 0, 3, 0, 0, 0, 1, 0, 0, 0, 0, 0, 1, 2, 3, 1",3,
907,doctor of veterinary medicine malaysia,pk,,,,,,,,20,,,2025-09-13,,,"0, 0, 0, 0, 0, 0, 0, 0, 0, 0, 0, 0, 3, 0, 0, 0, 0, 0, 0, 1, 0, 0, 0, 0",1,
908,veterinary doctor in gujrat,pk,,,,,,,,,,,2016-07-10,,,"0, 0, 0, 0, 0, 0, 0, 0, 0, 0, 0, 0, 0, 0, 0, 0, 0, 0, 0, 0, 0, 0, 0, 0",1,
909,veterinary doctor app,pk,,,,,,,,100,,,2020-11-04,,,"0, 0, 0, 0, 0, 0, 0, 0, 0, 0, 0, 0, 1, 1, 1, 3, 0, 2, 0, 0, 2, 1, 1, 0",2,
910,what do you call a veterinary doctor,pk,,,,,,,,30,,,2023-07-18,,,"0, 2, 0, 0, 0, 0, 0, 0, 0, 0, 0, 0, 0, 1, 0, 0, 0, 1, 0, 0, 0, 0, 2, 0",2,
911,what is another name for an animal doctor?,pk,,,,,,,,,,,2024-10-30,,,"0, 2, 1, 0, 0, 0, 0, 0, 0, 0, 0, 0, 0, 0, 0, 0, 0, 0, 0, 0, 0, 0, 0, 0",1,
912,consult veterinary doctor online free,pk,,,,,,,,,,,2022-03-28,,,"0, 0, 0, 1, 1, 0, 0, 0, 0, 0, 0, 0, 0, 0, 0, 0, 0, 0, 0, 0, 0, 0, 0, 0",1,
913,veterinary doctor degree,pk,,,,,,,,250,,,2020-01-19,,,"3, 3, 1, 0, 0, 0, 4, 4, 1, 2, 3, 3, 2, 4, 2, 2, 2, 2, 3, 1, 1, 1, 0, 1",2,
914,animal doctor cartoon,pk,,,,,,,,10,,,2016-09-24,,,"1, 0, 0, 0, 0, 0, 0, 0, 1, 0, 0, 0, 0, 0, 0, 0, 0, 0, 0, 0, 0, 0, 0, 0",1,
915,happy birthday veterinary doctor,pk,,,,,,,,10,,,2020-07-05,,,"0, 1, 1, 0, 2, 2, 0, 1, 0, 0, 1, 0, 0, 0, 0, 0, 0, 0, 0, 0, 0, 0, 1, 0",1,
916,veterinary doctor admission 2025,pk,,,,,,,,,,,2025-05-19,,,"0, 0, 0, 0, 0, 0, 0, 0, 1, 7, 6, 19, 1, 8, 4, 2, 0, 0, 0, 0, 0, 0, 0, 0",1,
917,doctor of veterinary medicine requirements,pk,,,,,,,,10,,,2021-09-09,,,"1, 0, 0, 0, 0, 0, 0, 0, 0, 0, 1, 0, 1, 0, 0, 0, 0, 1, 0, 0, 0, 0, 0, 0",1,
918,doctor animal clinic,pk,,,,,,,,10,,,2020-01-27,,,"0, 0, 0, 0, 0, 0, 1, 1, 0, 0, 0, 0, 0, 0, 0, 2, 0, 0, 0, 0, 0, 0, 2, 0",2,
919,animal doctor junction city,pk,,,,,,,,150,,,2022-06-30,,,"0, 0, 0, 0, 0, 0, 0, 0, 0, 1, 0, 0, 0, 0, 0, 0, 0, 0, 0, 0, 0, 0, 0, 0",1,
920,veterinary doctor for birds near me,pk,,,,,,,,10,,,2020-10-13,,,"0, 0, 1, 0, 1, 1, 2, 1, 1, 1, 1, 0, 0, 1, 0, 1, 0, 0, 0, 2, 0, 3, 2, 0",3,
921,animal ke doctor ka naam,pk,,,,,,,,,,,2022-06-14,,,"0, 0, 0, 0, 0, 0, 0, 0, 0, 0, 0, 0, 0, 0, 0, 1, 0, 0, 0, 0, 0, 0, 0, 0",1,
922,nearby veterinary doctor,pk,,,,,,,,60,,,2021-10-22,,,"0, 0, 0, 1, 0, 1, 0, 0, 1, 2, 0, 0, 0, 0, 0, 0, 0, 2, 0, 0, 5, 3, 0, 0",2,
923,indian veterinary doctor symbol,pk,,,,,,,,,,,2020-02-16,,,"0, 0, 0, 0, 0, 0, 0, 0, 0, 0, 0, 0, 0, 0, 0, 0, 0, 0, 0, 0, 0, 0, 0, 0",1,
924,the cat doctor veterinary hospital & hotel,pk,,,,,,,,10,,,2021-06-13,,,"0, 0, 0, 0, 0, 0, 0, 0, 0, 0, 0, 0, 0, 0, 0, 0, 0, 0, 0, 0, 0, 0, 0, 0",1,
925,veterinary doctor education requirements,pk,,,,,,,,,,,2023-11-17,,,"1, 1, 1, 0, 0, 0, 2, 0, 1, 0, 1, 3, 1, 0, 1, 0, 0, 0, 0, 0, 0, 0, 0, 0",1,
926,emotional support animal letter from doctor,pk,,,,,,,,100,,,2020-11-26,,,"0, 0, 0, 0, 0, 1, 0, 1, 1, 4, 0, 0, 0, 0, 0, 2, 0, 0, 0, 0, 0, 0, 0, 0",1,
927,city veterinary clinic lahore,pk,,,,,,,,,,,2023-04-09,,,"0, 0, 0, 0, 0, 0, 0, 0, 0, 0, 0, 0, 0, 0, 0, 0, 0, 0, 0, 0, 0, 0, 0, 0",1,
928,ai animal doctor,pk,,,,,,,,,,,2025-09-09,,,"0, 0, 0, 0, 0, 0, 0, 0, 0, 0, 0, 0, 1, 0, 0, 0, 0, 0, 0, 0, 3, 0, 0, 0",1,
929,how much does a veterinary doctor make,pk,,,,,,,,20,,,2020-12-01,,,"0, 0, 0, 0, 0, 0, 0, 0, 0, 0, 0, 0, 0, 0, 0, 0, 0, 0, 0, 0, 0, 0, 0, 0",1,
930,animal doctor broomfield,pk,,,,,,,,70,,,2020-02-09,,,"0, 1, 0, 0, 0, 0, 1, 0, 0, 1, 0, 1, 0, 0, 0, 0, 0, 0, 0, 0, 0, 0, 1, 0",1,
931,veterinary doctor near me for cow,pk,,,,,,,,10,,,2022-05-22,,,"0, 0, 0, 0, 0, 0, 0, 0, 0, 0, 0, 0, 0, 1, 0, 0, 0, 0, 0, 0, 1, 1, 0, 0",1,
932,animal doctor study,pk,,,,,,,,20,,,2016-12-02,,,"5, 6, 0, 1, 7, 5, 1, 2, 2, 2, 4, 3, 0, 1, 1, 0, 0, 0, 2, 1, 1, 0, 0, 0",1,
933,animal ke doctor ko english mein kya kahate hain,pk,,,,,,,,,,,2026-01-03,,,"0, 0, 0, 0, 0, 0, 0, 0, 0, 0, 0, 0, 0, 0, 0, 0, 1, 1, 0, 0, 1, 1, 0, 0",1,
934,what is the salary of veterinary doctor in canada,pk,,,,,,,,,,,2024-03-11,,,"0, 0, 0, 0, 0, 0, 0, 0, 0, 0, 0, 0, 0, 0, 0, 0, 0, 0, 0, 0, 0, 0, 0, 0",1,
935,starting salary of veterinary doctor,pk,,,,,,,,10,,,2020-10-14,,,"0, 0, 0, 0, 0, 0, 0, 0, 0, 0, 0, 0, 0, 0, 0, 0, 0, 0, 0, 0, 1, 1, 0, 0",2,
936,online free veterinary doctor,pk,,,,,,,,,,,2021-01-17,,,"0, 2, 1, 3, 0, 0, 0, 0, 0, 0, 1, 1, 1, 0, 0, 0, 0, 0, 0, 0, 0, 0, 0, 0",1,
937,veterinary doctor salary in dubai per month,pk,,,,,,,,10,,,2023-05-30,,,"0, 0, 0, 0, 0, 0, 1, 0, 3, 1, 2, 0, 2, 0, 2, 0, 0, 1, 4, 0, 0, 0, 0, 0",1,
938,veterinary doctor in faridabad,pk,,,,,,,,30,,,2021-12-30,,,"0, 0, 1, 0, 0, 0, 0, 2, 0, 0, 0, 0, 0, 0, 0, 0, 0, 0, 0, 0, 0, 0, 0, 0",1,
939,veterinary doctor cow,pk,,,,,,,,10,,,2020-05-13,,,"0, 0, 0, 0, 0, 0, 5, 1, 0, 0, 0, 0, 0, 0, 0, 0, 0, 1, 0, 0, 1, 0, 0, 0",1,
940,veterinary doctor wallpaper,pk,,,,,,,,20,,,2017-05-17,,,"2, 0, 0, 0, 3, 0, 0, 0, 1, 0, 1, 1, 2, 2, 0, 0, 0, 1, 0, 1, 1, 0, 3, 4",3,
941,veterinary doctor pune,pk,,,,,,,,20,,,2021-10-28,,,"1, 1, 0, 0, 0, 0, 0, 0, 0, 0, 0, 0, 0, 0, 0, 0, 0, 0, 0, 0, 0, 0, 0, 0",1,
942,veterinary doctor course diploma,pk,,,,,,,,30,,,2021-08-01,,,"0, 0, 0, 0, 0, 0, 0, 0, 0, 0, 0, 0, 0, 0, 0, 0, 0, 0, 0, 0, 0, 0, 0, 0",1,
943,name of veterinary doctor,pk,,,,,,,,10,,,2022-07-06,,,"0, 0, 0, 0, 0, 0, 0, 0, 1, 0, 0, 0, 0, 1, 0, 0, 0, 1, 0, 0, 0, 0, 0, 0",1,
944,veterinary doctor in salt lake kolkata,pk,,,,,,,,,,,2024-09-30,,,"1, 3, 0, 0, 0, 0, 0, 0, 0, 0, 0, 0, 0, 0, 0, 0, 0, 0, 0, 0, 0, 0, 0, 0",1,
945,what is mean by veterinary doctor,pk,,,,,,,,10,,,2024-07-20,,,"1, 0, 2, 0, 0, 0, 1, 0, 0, 0, 0, 0, 0, 0, 0, 0, 0, 0, 1, 0, 2, 0, 1, 0",1,
946,veterinary doctor course name,pk,,,,,,,,70,,,2023-08-06,,,"0, 0, 0, 0, 0, 3, 0, 0, 0, 0, 1, 1, 0, 1, 0, 1, 0, 0, 0, 0, 1, 1, 0, 0",1,
947,raza pets clinic lahore reviews,pk,,,,,,,,,,,2023-08-25,,,"0, 0, 0, 0, 0, 0, 0, 0, 0, 0, 0, 0, 0, 0, 0, 0, 0, 0, 0, 0, 0, 0, 0, 0",1,
948,veterinary doctor resume,pk,,,,,,,,30,,,2020-08-17,,,"12, 3, 1, 0, 1, 0, 0, 4, 0, 0, 0, 0, 0, 0, 3, 0, 2, 0, 0, 1, 0, 0, 0, 0",1,
949,veterinary doctor in gurgaon,pk,,,,,,,,60,,,2021-04-20,,,"1, 0, 0, 0, 0, 0, 0, 0, 0, 3, 0, 0, 0, 0, 0, 0, 0, 0, 0, 0, 0, 0, 0, 0",1,
950,veterinary doctor logo png,pk,,,,,,,,10,,,2020-06-04,,,"0, 1, 1, 0, 0, 0, 1, 0, 1, 0, 1, 0, 0, 0, 0, 0, 0, 0, 0, 1, 0, 0, 0, 0",1,
951,salary of veterinary doctor in india,pk,,,,,,,,100,,,2021-03-23,,,"0, 0, 0, 0, 0, 2, 1, 2, 0, 1, 0, 0, 2, 0, 0, 0, 0, 0, 0, 0, 0, 0, 0, 0",1,
952,how to become a veterinary doctor,pk,,,,,,,,800,,,2016-07-04,,,"10, 12, 14, 11, 20, 13, 16, 15, 13, 16, 23, 16, 5, 5, 3, 5, 3, 1, 2, 7, 2, 5, 1, 1",3,
953,best veterinary doctor in pakistan,pk,,,,,,,,,,,2016-11-25,,,"0, 0, 13, 34, 21, 15, 24, 33, 36, 13, 20, 21, 12, 6, 0, 0, 6, 1, 0, 0, 0, 1, 6, 5",5,
954,funny animal doctor,pk,,,,,,,,,,,2016-03-21,,,"0, 0, 0, 0, 0, 0, 0, 0, 0, 0, 0, 0, 0, 0, 0, 0, 0, 0, 0, 0, 0, 0, 0, 0",1,
955,how to veterinary doctor,pk,,,,,,,,30,,,2023-07-05,,,"2, 1, 0, 1, 0, 0, 1, 1, 1, 3, 0, 0, 0, 1, 0, 0, 0, 0, 0, 0, 0, 2, 0, 0",2,
956,disha veterinary doctor,pk,,,,,,,,,,,2021-09-07,,,"0, 0, 0, 0, 0, 0, 0, 0, 0, 0, 0, 0, 0, 0, 0, 0, 0, 0, 0, 0, 0, 0, 0, 0",1,
957,cv veterinary doctor,pk,,,,,,,,,,,2021-09-04,,,"0, 0, 0, 0, 0, 0, 0, 0, 0, 0, 0, 0, 0, 0, 0, 0, 0, 0, 0, 0, 0, 0, 0, 0",1,
958,doctor of veterinary medicine online,pk,,,,,,,,20,,,2020-09-27,,,"0, 0, 0, 0, 0, 0, 1, 0, 0, 0, 0, 0, 0, 0, 0, 0, 0, 0, 0, 0, 0, 0, 1, 0",1,
959,what is a wild animal doctor called,pk,,,,,,,,40,,,2026-01-28,,,"0, 0, 0, 0, 0, 0, 0, 0, 0, 0, 0, 0, 0, 0, 0, 0, 1, 0, 3, 0, 6, 15, 9, 3",10,
960,explain the importance of veterinary doctor,pk,,,,,,,,,,,2023-07-04,,,"0, 0, 0, 0, 0, 0, 0, 0, 0, 0, 0, 0, 0, 0, 0, 0, 0, 0, 0, 0, 0, 0, 0, 0",1,
961,helpline number animal doctor,pk,,,,,,,,10,,,2025-10-27,,,"0, 0, 0, 0, 0, 0, 0, 0, 0, 0, 0, 0, 0, 1, 3, 1, 1, 0, 0, 1, 3, 0, 0, 0",1,
962,cow veterinary doctor,pk,,,,,,,,10,,,2021-05-17,,,"0, 0, 0, 0, 0, 0, 0, 0, 0, 0, 1, 0, 0, 0, 0, 0, 0, 0, 0, 0, 0, 0, 0, 0",1,
963,short form of veterinary doctor,pk,,,,,,,,20,,,2015-09-09,,,"2, 0, 2, 1, 5, 0, 1, 2, 0, 0, 3, 1, 0, 0, 1, 1, 0, 3, 7, 1, 1, 0, 1, 0",1,
964,veterinary doctor test,pk,,,,,,,,,,,2022-07-21,,,"0, 0, 0, 0, 0, 0, 0, 2, 0, 1, 1, 0, 0, 0, 0, 0, 0, 0, 0, 0, 0, 0, 0, 0",1,
965,veterinary doctor in rawalpindi,pk,,,,,,,,,,,2015-12-14,,,"0, 0, 0, 0, 0, 0, 0, 0, 0, 0, 0, 0, 0, 0, 0, 0, 0, 0, 0, 0, 0, 0, 0, 0",1,
966,study of veterinary doctor,pk,,,,,,,,50,,,2022-04-08,,,"2, 1, 0, 0, 0, 1, 3, 0, 0, 1, 4, 0, 0, 1, 1, 0, 1, 0, 0, 0, 0, 0, 0, 0",1,
967,animal doctor ki salary kitni hoti hai,pk,,,,,,,,10,,,2025-08-02,,,"0, 0, 0, 0, 0, 0, 0, 0, 0, 0, 0, 2, 0, 0, 0, 0, 0, 0, 0, 0, 0, 0, 1, 1",2,
968,animal husbandry doctor,pk,,,,,,,,10,,,2021-04-12,,,"0, 0, 0, 0, 0, 0, 0, 0, 2, 0, 0, 0, 0, 0, 1, 0, 0, 0, 0, 0, 0, 0, 0, 0",1,
969,what does a doctor of veterinary medicine do,pk,,,,,,,,,,,2023-09-30,,,"0, 0, 0, 0, 0, 0, 0, 0, 0, 0, 0, 0, 0, 0, 0, 0, 0, 0, 0, 0, 0, 0, 0, 0",1,
970,veterinary doctor salary in canada per month,pk,,,0.60,,,,,30,,,2021-08-15,,,"1, 1, 0, 0, 3, 0, 0, 1, 0, 13, 2, 0, 0, 1, 1, 2, 2, 2, 5, 7, 1, 3, 3, 0",3,
971,animal doctor course details,pk,,,,,,,,10,,,2023-04-12,,,"0, 0, 0, 0, 0, 0, 0, 0, 0, 0, 0, 0, 0, 0, 0, 0, 0, 0, 0, 0, 0, 1, 4, 1",3,
972,animal doctor in peshawar,pk,,,,,,,,,,,2017-03-28,,,"0, 0, 0, 0, 0, 0, 0, 0, 0, 0, 0, 0, 0, 0, 0, 0, 0, 0, 0, 0, 0, 0, 0, 0",1,
973,homeopathic veterinary doctor near me,pk,,,,,,,,10,,,2023-04-14,,,"1, 1, 0, 0, 0, 0, 0, 0, 0, 0, 0, 0, 0, 1, 1, 0, 0, 0, 0, 0, 0, 0, 0, 0",1,
974,good veterinary doctor near me,pk,,,,,,,,40,,,2020-01-26,,,"0, 0, 0, 0, 0, 1, 0, 0, 0, 1, 0, 0, 1, 0, 0, 0, 0, 1, 0, 0, 1, 0, 1, 0",1,
975,veterinary doctor pronunciation,pk,,,,,,,,,,,2017-12-16,,,"0, 0, 0, 0, 0, 0, 0, 0, 0, 0, 0, 0, 1, 0, 0, 0, 9, 2, 0, 0, 0, 0, 0, 0",1,
976,how long does it take to be a veterinary doctor,pk,,,,,,,,40,,,2020-06-19,,,"0, 0, 0, 1, 0, 0, 0, 0, 0, 0, 0, 0, 0, 0, 0, 0, 0, 0, 0, 0, 0, 0, 0, 0",1,
977,how much a veterinary doctor earn in india,pk,,,,,,,,10,,,2023-08-13,,,"0, 0, 0, 0, 0, 2, 3, 0, 0, 0, 0, 0, 1, 0, 0, 0, 0, 0, 0, 0, 0, 0, 0, 0",1,
978,what is meaning of veterinary doctor,pk,,,,,,,,,,,2025-07-23,,,"0, 0, 0, 0, 0, 0, 0, 0, 0, 0, 2, 0, 1, 0, 0, 0, 0, 0, 0, 0, 0, 1, 1, 0",2,
979,veterinary doctor salary in australia,pk,,,,,,,,80,,,2018-09-28,,,"8, 2, 10, 1, 0, 5, 2, 3, 7, 9, 11, 13, 3, 4, 1, 9, 9, 4, 2, 4, 6, 3, 3, 6",5,
980,veterinary doctor education,pk,,,,,,,,40,,,2018-09-14,,,"0, 0, 0, 0, 0, 0, 0, 2, 1, 0, 2, 2, 4, 2, 0, 2, 1, 1, 1, 2, 0, 4, 0, 0",2,
981,veterinary doctor home visit near me,pk,,,,,,,,200,,,2020-01-29,,,"0, 0, 1, 2, 0, 0, 0, 3, 3, 1, 1, 0, 1, 0, 0, 0, 0, 1, 1, 0, 7, 0, 0, 0",1,
982,how to ask doctor for emotional support animal,pk,,,,,,,,40,,,2018-03-17,,,"0, 0, 0, 1, 0, 0, 0, 0, 0, 0, 0, 1, 0, 0, 0, 0, 0, 0, 0, 0, 0, 0, 1, 0",1,
983,veterinary doctor pics,pk,,,,,,,,,,,2018-09-26,,,"0, 0, 0, 0, 0, 0, 0, 0, 0, 0, 0, 0, 0, 0, 0, 0, 0, 0, 0, 0, 0, 0, 0, 0",1,
984,defence animal hospital lahore,pk,,,,,,,,,,,2015-10-02,,,"3, 6, 0, 2, 0, 0, 0, 0, 0, 0, 0, 0, 0, 0, 0, 0, 0, 0, 0, 0, 0, 0, 0, 0",1,
985,doctor of veterinary medicine program,pk,,,,,,,,20,,,2020-01-17,,,"0, 1, 1, 0, 0, 0, 0, 0, 0, 0, 0, 0, 0, 0, 0, 0, 0, 0, 0, 0, 0, 0, 0, 0",1,
986,how many years to be a veterinary doctor,pk,,,,,,,,20,,,2023-02-05,,,"0, 0, 1, 0, 0, 1, 0, 0, 0, 0, 0, 0, 0, 0, 0, 0, 0, 0, 0, 0, 0, 0, 0, 0",1,
987,veterinary doctor for cats near me,pk,,,,,,,,10,,,2021-11-05,,,"0, 0, 0, 0, 0, 0, 0, 0, 1, 1, 1, 1, 0, 0, 0, 1, 0, 0, 0, 0, 0, 0, 0, 0",1,
988,veterinary doctor salary in maharashtra,pk,,,,,,,,10,,,2022-04-10,,,"0, 0, 0, 0, 0, 0, 2, 0, 0, 0, 0, 0, 0, 0, 0, 0, 0, 0, 0, 0, 0, 0, 0, 0",1,
989,few lines about short essay on veterinary doctor,pk,,,,,,,,,,,2024-05-29,,,"0, 0, 0, 0, 0, 0, 0, 0, 0, 0, 0, 0, 0, 0, 0, 0, 0, 0, 0, 0, 0, 0, 0, 0",1,
990,salary of veterinary doctor in uae,pk,,,,,,,,,,,2024-07-19,,,"1, 3, 1, 0, 0, 0, 0, 0, 0, 0, 0, 0, 0, 0, 0, 0, 0, 0, 0, 0, 0, 0, 0, 0",1,
991,veterinary doctor study duration,pk,,,,,,,,,,,2024-08-19,,,"0, 0, 0, 1, 1, 2, 0, 2, 0, 0, 0, 0, 0, 0, 2, 0, 0, 0, 0, 0, 2, 0, 0, 0",1,
992,animal doctor karachi,pk,,,,,,,,,,,2015-09-20,,,"0, 0, 0, 0, 0, 0, 0, 0, 0, 25, 5, 0, 0, 0, 0, 0, 0, 0, 0, 0, 35, 0, 4, 0",2,
993,veterinary doctor mumbai,pk,,,,,,,,20,,,2021-08-16,,,"0, 0, 0, 1, 1, 1, 0, 0, 0, 0, 0, 0, 0, 0, 0, 0, 0, 0, 0, 0, 0, 0, 0, 0",1,
994,veterinary doctor treating dog clinic,pk,,,,,,,,40,,,2026-04-02,,,"0, 0, 0, 0, 0, 0, 0, 0, 0, 0, 0, 0, 0, 0, 0, 0, 0, 0, 0, 3, 0, 0, 1, 0",2,
995,can a doctor treat an animal,pk,,,,,,,,20,,,2022-11-04,,,"0, 0, 0, 0, 0, 0, 0, 0, 0, 0, 0, 0, 0, 0, 0, 0, 0, 0, 0, 0, 0, 0, 0, 0",1,
996,dvm doctor veterinary medicine,pk,,,,,,,,,,,2023-06-20,,,"0, 0, 0, 0, 0, 0, 0, 0, 0, 0, 0, 0, 0, 0, 0, 0, 0, 0, 0, 0, 0, 0, 0, 0",1,
997,what is the salary of veterinary doctor,pk,,,,,,,,60,,,2020-03-27,,,"2, 0, 0, 1, 2, 1, 0, 0, 1, 1, 4, 2, 0, 0, 0, 0, 0, 1, 0, 1, 1, 2, 0, 0",2,
998,veterinary doctor logo design,pk,,,,,,,,20,,,2024-05-04,,,"0, 0, 0, 0, 0, 0, 0, 0, 0, 0, 0, 0, 1, 0, 2, 1, 2, 0, 1, 2, 0, 5, 1, 3",4,
999,veterinary doctor in usa salary,pk,,,,,,,,20,,,2025-07-03,,,"0, 0, 0, 0, 0, 0, 0, 0, 0, 0, 1, 3, 2, 0, 0, 0, 0, 0, 0, 1, 3, 0, 1, 2",2,
1000,what is veterinary doctor salary,pk,,,,,,,,10,,,2024-07-07,,,"3, 1, 0, 3, 3, 1, 0, 0, 0, 0, 1, 0, 1, 0, 0, 0, 0, 0, 0, 0, 0, 0, 0, 0",1,
