source,target,anchor,rel,representation,internal,target_status,target_error,target_missing_content_candidate,checked
https://petsone.pk/,https://petsone.pk/,Skip to navigation,[],raw,True,200,,False,True
https://petsone.pk/,https://petsone.pk/,Skip to main content,[],raw,True,200,,False,True
https://petsone.pk/,https://www.facebook.com/PetsAccessories.pk/,,"[""noopener"", ""noreferrer"", ""nofollow""]",raw,False,,,False,False
https://petsone.pk/,https://www.twitter.com/PetsOnePK/,,"[""noopener"", ""noreferrer"", ""nofollow""]",raw,False,,,False,False
https://petsone.pk/,https://www.instagram.com/PetsOne.PK/,,"[""noopener"", ""noreferrer"", ""nofollow""]",raw,False,,,False,False
https://petsone.pk/,https://wa.me/923041117387,,"[""noopener"", ""noreferrer"", ""nofollow""]",raw,False,,,False,False
https://petsone.pk/,https://wa.me/923041117387,,"[""noopener"", ""noreferrer"", ""nofollow""]",raw,False,,,False,False
https://petsone.pk/,https://petsone.pk/,,"[""home""]",raw,True,200,,False,True
https://petsone.pk/,https://petsone.pk/,Menu,"[""nofollow"", ""noopener""]",raw,True,200,,False,True
https://petsone.pk/,https://petsone.pk/?s=cat%20food&post_type=product,cat food,[],raw,True,,,False,False
https://petsone.pk/,https://petsone.pk/?s=dog%20food&post_type=product,dog food,[],raw,True,,,False,False
https://petsone.pk/,https://petsone.pk/?s=&post_type=product,,[],raw,True,,,False,False
https://petsone.pk/,https://petsone.pk/cart/,0 items / PKR 0,[],raw,True,,,False,False
https://petsone.pk/,https://petsone.pk/my-account/,Login / Register,[],raw,True,,,False,False
https://petsone.pk/,https://petsone.pk/my-account/?action=register,Create an Account,[],raw,True,,,False,False
https://petsone.pk/,https://petsone.pk/my-account/lost-password/,Lost your password?,[],raw,True,,,False,False
https://petsone.pk/,https://petsone.pk/my-account/?social_auth=facebook,Facebook,[],raw,True,,,False,False
https://petsone.pk/,https://petsone.pk/my-account/?social_auth=google,Google,[],raw,True,,,False,False
https://petsone.pk/,https://petsone.pk/wishlist/,,[],raw,True,,,False,False
https://petsone.pk/,https://petsone.pk/,,"[""nofollow""]",raw,True,200,,False,True
https://petsone.pk/,https://petsone.pk/,,"[""home""]",raw,True,200,,False,True
https://petsone.pk/,https://petsone.pk/cart/,0 items,[],raw,True,,,False,False
https://petsone.pk/,https://petsone.pk/brand/diamond/,,[],raw,True,,,False,False
https://petsone.pk/,https://petsone.pk/product-category/pets-supplies/cat-supplies/cat-litter-and-waste-disposal/cat-litter/,,[],raw,True,,,False,False
https://petsone.pk/,https://petsone.pk/product-category/pets-supplies/cat-supplies/cat-litter-and-waste-disposal/cat-litter/,57 products,[],raw,True,,,False,False
https://petsone.pk/,https://petsone.pk/product-category/pets-supplies/cat-supplies/cat-litter-and-waste-disposal/cat-litter/,,[],raw,True,,,False,False
https://petsone.pk/,https://petsone.pk/product-category/pets-supplies/cat-supplies/cat-toys/,,[],raw,True,,,False,False
https://petsone.pk/,https://petsone.pk/product-category/pets-supplies/cat-supplies/cat-toys/,137 products,[],raw,True,,,False,False
https://petsone.pk/,https://petsone.pk/product-category/pets-supplies/cat-supplies/cat-toys/,,[],raw,True,,,False,False
https://petsone.pk/,https://petsone.pk/product-category/pets-supplies/cat-supplies/cat-food-bowls-and-feeders/,,[],raw,True,,,False,False
https://petsone.pk/,https://petsone.pk/product-category/pets-supplies/cat-supplies/cat-food-bowls-and-feeders/,46 products,[],raw,True,,,False,False
https://petsone.pk/,https://petsone.pk/product-category/pets-supplies/cat-supplies/cat-food-bowls-and-feeders/,,[],raw,True,,,False,False
https://petsone.pk/,https://petsone.pk/product-category/pets-supplies/cat-supplies/cat-treats/,,[],raw,True,,,False,False
https://petsone.pk/,https://petsone.pk/product-category/pets-supplies/cat-supplies/cat-treats/,206 products,[],raw,True,,,False,False
https://petsone.pk/,https://petsone.pk/product-category/pets-supplies/cat-supplies/cat-treats/,,[],raw,True,,,False,False
https://petsone.pk/,https://petsone.pk/product-category/pets-supplies/cat-supplies/cat-food/,,[],raw,True,,,False,False
https://petsone.pk/,https://petsone.pk/product-category/pets-supplies/cat-supplies/cat-food/,789 products,[],raw,True,,,False,False
https://petsone.pk/,https://petsone.pk/product-category/pets-supplies/cat-supplies/cat-food/,,[],raw,True,,,False,False
https://petsone.pk/,https://petsone.pk/product-category/pets-supplies/dog-supplies/dog-food/wet-food-for-dogs/,,[],raw,True,,,False,False
https://petsone.pk/,https://petsone.pk/product-category/pets-supplies/dog-supplies/dog-food/wet-food-for-dogs/,68 products,[],raw,True,,,False,False
https://petsone.pk/,https://petsone.pk/product-category/pets-supplies/dog-supplies/dog-food/wet-food-for-dogs/,,[],raw,True,,,False,False
https://petsone.pk/,https://petsone.pk/product-category/pets-supplies/dog-supplies/dog-collar-harness-leashes/,,[],raw,True,,,False,False
https://petsone.pk/,https://petsone.pk/product-category/pets-supplies/dog-supplies/dog-collar-harness-leashes/,58 products,[],raw,True,,,False,False
https://petsone.pk/,https://petsone.pk/product-category/pets-supplies/dog-supplies/dog-collar-harness-leashes/,,[],raw,True,,,False,False
https://petsone.pk/,https://petsone.pk/product-category/pets-supplies/dog-supplies/dog-food/dog-treats/,,[],raw,True,,,False,False
https://petsone.pk/,https://petsone.pk/product-category/pets-supplies/dog-supplies/dog-food/dog-treats/,153 products,[],raw,True,,,False,False
https://petsone.pk/,https://petsone.pk/product-category/pets-supplies/dog-supplies/dog-food/dog-treats/,,[],raw,True,,,False,False
https://petsone.pk/,https://petsone.pk/product-category/pets-supplies/dog-supplies/dog-food-bowls-and-dispenser/,,[],raw,True,,,False,False
https://petsone.pk/,https://petsone.pk/product-category/pets-supplies/dog-supplies/dog-food-bowls-and-dispenser/,13 products,[],raw,True,,,False,False
https://petsone.pk/,https://petsone.pk/product-category/pets-supplies/dog-supplies/dog-food-bowls-and-dispenser/,,[],raw,True,,,False,False
https://petsone.pk/,https://petsone.pk/product-category/pets-supplies/dog-supplies/dog-food/,,[],raw,True,,,False,False
https://petsone.pk/,https://petsone.pk/product-category/pets-supplies/dog-supplies/dog-food/,472 products,[],raw,True,,,False,False
https://petsone.pk/,https://petsone.pk/product-category/pets-supplies/dog-supplies/dog-food/,,[],raw,True,,,False,False
https://petsone.pk/,https://petsone.pk/shop/,🛒 Show All Products,[],raw,True,,,False,False
https://petsone.pk/,https://petsone.pk/brand/birbo/,,[],raw,True,,,False,False
https://petsone.pk/,https://petsone.pk/brand/north-paw/,,[],raw,True,,,False,False
https://petsone.pk/,https://petsone.pk/brand/homie/,,[],raw,True,,,False,False
https://petsone.pk/,https://petsone.pk/product/homie-premium-adult-cat-food-chicken/?attribute_pa_pack-size=1-kg,,[],raw,True,,,False,False
https://petsone.pk/,https://petsone.pk/product/homie-premium-adult-cat-food-chicken/?attribute_pa_pack-size=1-kg,Quick view,"[""nofollow""]",raw,True,,,False,False
https://petsone.pk/,https://petsone.pk/product/homie-premium-adult-cat-food-chicken/?attribute_pa_pack-size=1-kg,Homie Premium Adult Cat Food – Chicken – 1 KG,[],raw,True,,,False,False
https://petsone.pk/,https://petsone.pk/product-category/pets-supplies/cat-supplies/cat-food/dry-food-for-cats/,Dry Food for Cats,"[""tag""]",raw,True,,,False,False
https://petsone.pk/,https://petsone.pk/brand/homie/,Homie,[],raw,True,,,False,False
https://petsone.pk/,https://petsone.pk/product/homie-premium-adult-cat-food-chicken/?attribute_pa_pack-size=1-kg,(0),"[""nofollow""]",raw,True,,,False,False
https://petsone.pk/,https://petsone.pk/product/homie-premium-adult-cat-food-chicken/?attribute_pa_pack-size=1-kg&variation_id=3566136&add-to-cart=3566131,Add to cart,"[""nofollow""]",raw,True,,,False,False
https://petsone.pk/,https://petsone.pk/product/homie-super-premium-adult-cat-food-chicken/?attribute_pa_pack-size=1-5-kg,,[],raw,True,,,False,False
https://petsone.pk/,https://petsone.pk/product/homie-super-premium-adult-cat-food-chicken/?attribute_pa_pack-size=1-5-kg,Quick view,"[""nofollow""]",raw,True,,,False,False
https://petsone.pk/,https://petsone.pk/product/homie-super-premium-adult-cat-food-chicken/?attribute_pa_pack-size=1-5-kg,Homie Super Premium Adult Cat Food – Chicken (PRO33/FAT15) – 1.5 KG,[],raw,True,,,False,False
https://petsone.pk/,https://petsone.pk/product-category/pets-supplies/cat-supplies/cat-food/dry-food-for-cats/,Dry Food for Cats,"[""tag""]",raw,True,,,False,False
https://petsone.pk/,https://petsone.pk/brand/homie/,Homie,[],raw,True,,,False,False
https://petsone.pk/,https://petsone.pk/product/homie-super-premium-adult-cat-food-chicken/?attribute_pa_pack-size=1-5-kg,(0),"[""nofollow""]",raw,True,,,False,False
https://petsone.pk/,https://petsone.pk/product/homie-super-premium-adult-cat-food-chicken/?attribute_pa_pack-size=1-5-kg&variation_id=3566144&add-to-cart=3566132,Add to cart,"[""nofollow""]",raw,True,,,False,False
https://petsone.pk/,https://petsone.pk/product/homie-super-premium-low-grain-adult-cat-food-chicken/?attribute_pa_pack-size=1-5-kg,,[],raw,True,,,False,False
https://petsone.pk/,https://petsone.pk/product/homie-super-premium-low-grain-adult-cat-food-chicken/?attribute_pa_pack-size=1-5-kg,Quick view,"[""nofollow""]",raw,True,,,False,False
https://petsone.pk/,https://petsone.pk/product/homie-super-premium-low-grain-adult-cat-food-chicken/?attribute_pa_pack-size=1-5-kg,Homie Super Premium Low Grain Adult Cat Food – Chicken – 1.5 KG,[],raw,True,,,False,False
https://petsone.pk/,https://petsone.pk/product-category/pets-supplies/cat-supplies/cat-food/dry-food-for-cats/,Dry Food for Cats,"[""tag""]",raw,True,,,False,False
https://petsone.pk/,https://petsone.pk/brand/homie/,Homie,[],raw,True,,,False,False
https://petsone.pk/,https://petsone.pk/product/homie-super-premium-low-grain-adult-cat-food-chicken/?attribute_pa_pack-size=1-5-kg,(0),"[""nofollow""]",raw,True,,,False,False
https://petsone.pk/,https://petsone.pk/product/homie-super-premium-low-grain-adult-cat-food-chicken/?attribute_pa_pack-size=1-5-kg&variation_id=3566160&add-to-cart=3566134,Add to cart,"[""nofollow""]",raw,True,,,False,False
https://petsone.pk/,https://petsone.pk/product/homie-super-premium-low-grain-kitten-and-mother-cat-food-chicken/?attribute_pa_pack-size=1-5-kg,,[],raw,True,,,False,False
https://petsone.pk/,https://petsone.pk/product/homie-super-premium-low-grain-kitten-and-mother-cat-food-chicken/?attribute_pa_pack-size=1-5-kg,Quick view,"[""nofollow""]",raw,True,,,False,False
https://petsone.pk/,https://petsone.pk/product/homie-super-premium-low-grain-kitten-and-mother-cat-food-chicken/?attribute_pa_pack-size=1-5-kg,Homie Super Premium Low Grain Kitten And Mother Cat Food – Chicken (PRO38/FAT15) – 1.5 KG,[],raw,True,,,False,False
https://petsone.pk/,https://petsone.pk/product-category/pets-supplies/cat-supplies/cat-food/dry-food-for-cats/,Dry Food for Cats,"[""tag""]",raw,True,,,False,False
https://petsone.pk/,https://petsone.pk/brand/homie/,Homie,[],raw,True,,,False,False
https://petsone.pk/,https://petsone.pk/product/homie-super-premium-low-grain-kitten-and-mother-cat-food-chicken/?attribute_pa_pack-size=1-5-kg,(0),"[""nofollow""]",raw,True,,,False,False
https://petsone.pk/,https://petsone.pk/product/homie-super-premium-low-grain-kitten-and-mother-cat-food-chicken/?attribute_pa_pack-size=1-5-kg&variation_id=3566153&add-to-cart=3566133,Add to cart,"[""nofollow""]",raw,True,,,False,False
https://petsone.pk/,https://petsone.pk/product/homie-sterilised-adult-cat-food/?attribute_pa_pack-size=1-5-kg,,[],raw,True,,,False,False
https://petsone.pk/,https://petsone.pk/product/homie-sterilised-adult-cat-food/?attribute_pa_pack-size=1-5-kg,Quick view,"[""nofollow""]",raw,True,,,False,False
https://petsone.pk/,https://petsone.pk/product/homie-sterilised-adult-cat-food/?attribute_pa_pack-size=1-5-kg,Homie Sterilised Adult Cat Food – 1.5 KG,[],raw,True,,,False,False
https://petsone.pk/,https://petsone.pk/product-category/pets-supplies/cat-supplies/cat-food/dry-food-for-cats/,Dry Food for Cats,"[""tag""]",raw,True,,,False,False
https://petsone.pk/,https://petsone.pk/brand/homie/,Homie,[],raw,True,,,False,False
https://petsone.pk/,https://petsone.pk/product/homie-sterilised-adult-cat-food/?attribute_pa_pack-size=1-5-kg,(0),"[""nofollow""]",raw,True,,,False,False
https://petsone.pk/,https://petsone.pk/product/homie-sterilised-adult-cat-food/?attribute_pa_pack-size=1-5-kg&variation_id=3723735&add-to-cart=3588883,Add to cart,"[""nofollow""]",raw,True,,,False,False
https://petsone.pk/,https://petsone.pk/product/homie-super-premium-low-grain-adult-lamb-pro36-fat16/,,[],raw,True,,,False,False
https://petsone.pk/,https://petsone.pk/product/homie-super-premium-low-grain-adult-lamb-pro36-fat16/,Quick view,"[""nofollow""]",raw,True,,,False,False
https://petsone.pk/,https://petsone.pk/product/homie-super-premium-low-grain-adult-lamb-pro36-fat16/,Homie Super Premium Low Grain Adult – Lamb (PRO36/FAT16),[],raw,True,,,False,False
https://petsone.pk/,https://petsone.pk/product-category/pets-supplies/cat-supplies/cat-food/dry-food-for-cats/,Dry Food for Cats,"[""tag""]",raw,True,,,False,False
https://petsone.pk/,https://petsone.pk/brand/homie/,Homie,[],raw,True,,,False,False
https://petsone.pk/,https://petsone.pk/?add-to-cart=3723738,Add to cart,"[""nofollow""]",raw,True,,,False,False
https://petsone.pk/,https://petsone.pk/product/homie-super-premium-low-grain-adult-cat-food-chicken/?attribute_pa_pack-size=12-kg,,[],raw,True,,,False,False
https://petsone.pk/,https://petsone.pk/product/homie-super-premium-low-grain-adult-cat-food-chicken/?attribute_pa_pack-size=12-kg,Quick view,"[""nofollow""]",raw,True,,,False,False
https://petsone.pk/,https://petsone.pk/product/homie-super-premium-low-grain-adult-cat-food-chicken/?attribute_pa_pack-size=12-kg,Homie Super Premium Low Grain Adult Cat Food – Chicken – 12 KG,[],raw,True,,,False,False
https://petsone.pk/,https://petsone.pk/product-category/pets-supplies/cat-supplies/cat-food/dry-food-for-cats/,Dry Food for Cats,"[""tag""]",raw,True,,,False,False
https://petsone.pk/,https://petsone.pk/brand/homie/,Homie,[],raw,True,,,False,False
https://petsone.pk/,https://petsone.pk/product/homie-super-premium-low-grain-adult-cat-food-chicken/?attribute_pa_pack-size=12-kg,(0),"[""nofollow""]",raw,True,,,False,False
https://petsone.pk/,https://petsone.pk/product/homie-super-premium-low-grain-adult-cat-food-chicken/?attribute_pa_pack-size=12-kg&variation_id=3566161&add-to-cart=3566134,Add to cart,"[""nofollow""]",raw,True,,,False,False
https://petsone.pk/,https://petsone.pk/product/homie-puppy-food-2-75-kg/,,[],raw,True,,,False,False
https://petsone.pk/,https://petsone.pk/product/homie-puppy-food-2-75-kg/,Quick view,"[""nofollow""]",raw,True,,,False,False
https://petsone.pk/,https://petsone.pk/product/homie-puppy-food-2-75-kg/,Homie Puppy Food – 2.75 KG,[],raw,True,,,False,False
https://petsone.pk/,https://petsone.pk/product-category/pets-supplies/dog-supplies/dog-food/dry-food-for-dogs/,Dry Food for Dogs,"[""tag""]",raw,True,,,False,False
https://petsone.pk/,https://petsone.pk/brand/homie/,Homie,[],raw,True,,,False,False
https://petsone.pk/,https://petsone.pk/product/homie-puppy-food-2-75-kg/,(2),"[""nofollow""]",raw,True,,,False,False
https://petsone.pk/,https://petsone.pk/?add-to-cart=3588884,Add to cart,"[""nofollow""]",raw,True,,,False,False
https://petsone.pk/,https://petsone.pk/product/homie-super-premium-low-grain-kitten-and-mother-cat-food-chicken/?attribute_pa_pack-size=2-75-kg,,[],raw,True,,,False,False
https://petsone.pk/,https://petsone.pk/product/homie-super-premium-low-grain-kitten-and-mother-cat-food-chicken/?attribute_pa_pack-size=2-75-kg,Quick view,"[""nofollow""]",raw,True,,,False,False
https://petsone.pk/,https://petsone.pk/product/homie-super-premium-low-grain-kitten-and-mother-cat-food-chicken/?attribute_pa_pack-size=2-75-kg,Homie Super Premium Low Grain Kitten And Mother Cat Food – Chicken (PRO38/FAT15) – 2.75 KG,[],raw,True,,,False,False
https://petsone.pk/,https://petsone.pk/product-category/pets-supplies/cat-supplies/cat-food/dry-food-for-cats/,Dry Food for Cats,"[""tag""]",raw,True,,,False,False
https://petsone.pk/,https://petsone.pk/brand/homie/,Homie,[],raw,True,,,False,False
https://petsone.pk/,https://petsone.pk/product/homie-super-premium-low-grain-kitten-and-mother-cat-food-chicken/?attribute_pa_pack-size=2-75-kg,(0),"[""nofollow""]",raw,True,,,False,False
https://petsone.pk/,https://petsone.pk/product/homie-super-premium-low-grain-kitten-and-mother-cat-food-chicken/?attribute_pa_pack-size=2-75-kg&variation_id=3566152&add-to-cart=3566133,Add to cart,"[""nofollow""]",raw,True,,,False,False
https://petsone.pk/,https://petsone.pk/product/homie-super-premium-adult-cat-food-chicken/?attribute_pa_pack-size=2-75-kg,,[],raw,True,,,False,False
https://petsone.pk/,https://petsone.pk/product/homie-super-premium-adult-cat-food-chicken/?attribute_pa_pack-size=2-75-kg,Quick view,"[""nofollow""]",raw,True,,,False,False
https://petsone.pk/,https://petsone.pk/product/homie-super-premium-adult-cat-food-chicken/?attribute_pa_pack-size=2-75-kg,Homie Super Premium Adult Cat Food – Chicken (PRO33/FAT15) – 2.75 KG,[],raw,True,,,False,False
https://petsone.pk/,https://petsone.pk/product-category/pets-supplies/cat-supplies/cat-food/dry-food-for-cats/,Dry Food for Cats,"[""tag""]",raw,True,,,False,False
https://petsone.pk/,https://petsone.pk/brand/homie/,Homie,[],raw,True,,,False,False
https://petsone.pk/,https://petsone.pk/product/homie-super-premium-adult-cat-food-chicken/?attribute_pa_pack-size=2-75-kg,(0),"[""nofollow""]",raw,True,,,False,False
https://petsone.pk/,https://petsone.pk/product/homie-super-premium-adult-cat-food-chicken/?attribute_pa_pack-size=2-75-kg&variation_id=3566143&add-to-cart=3566132,Add to cart,"[""nofollow""]",raw,True,,,False,False
https://petsone.pk/,https://petsone.pk/product/homie-sterilised-hypoallergenic-urinary-adult-cat-food-salmon-pro30/?attribute_pa_pack-size=1-5-kg,,[],raw,True,,,False,False
https://petsone.pk/,https://petsone.pk/product/homie-sterilised-hypoallergenic-urinary-adult-cat-food-salmon-pro30/?attribute_pa_pack-size=1-5-kg,Quick view,"[""nofollow""]",raw,True,,,False,False
https://petsone.pk/,https://petsone.pk/product/homie-sterilised-hypoallergenic-urinary-adult-cat-food-salmon-pro30/?attribute_pa_pack-size=1-5-kg,Homie Urinary Cat Food / Sterilised Hypoallergenic / – Salmon Flavor – 1.5 KG,[],raw,True,,,False,False
https://petsone.pk/,https://petsone.pk/product-category/pets-supplies/cat-supplies/cat-food/dry-food-for-cats/,Dry Food for Cats,"[""tag""]",raw,True,,,False,False
https://petsone.pk/,https://petsone.pk/brand/homie/,Homie,[],raw,True,,,False,False
https://petsone.pk/,https://petsone.pk/product/homie-sterilised-hypoallergenic-urinary-adult-cat-food-salmon-pro30/?attribute_pa_pack-size=1-5-kg,(0),"[""nofollow""]",raw,True,,,False,False
https://petsone.pk/,https://petsone.pk/product/homie-sterilised-hypoallergenic-urinary-adult-cat-food-salmon-pro30/?attribute_pa_pack-size=1-5-kg&variation_id=3666143&add-to-cart=3666140,Add to cart,"[""nofollow""]",raw,True,,,False,False
https://petsone.pk/,https://petsone.pk/product/homie-super-premium-low-grain-adult-cat-food-chicken/?attribute_pa_pack-size=3-75-kg,,[],raw,True,,,False,False
https://petsone.pk/,https://petsone.pk/product/homie-super-premium-low-grain-adult-cat-food-chicken/?attribute_pa_pack-size=3-75-kg,Quick view,"[""nofollow""]",raw,True,,,False,False
https://petsone.pk/,https://petsone.pk/product/homie-super-premium-low-grain-adult-cat-food-chicken/?attribute_pa_pack-size=3-75-kg,Homie Super Premium Low Grain Adult Cat Food – Chicken – 3.75 KG,[],raw,True,,,False,False
https://petsone.pk/,https://petsone.pk/product-category/pets-supplies/cat-supplies/cat-food/dry-food-for-cats/,Dry Food for Cats,"[""tag""]",raw,True,,,False,False
https://petsone.pk/,https://petsone.pk/brand/homie/,Homie,[],raw,True,,,False,False
https://petsone.pk/,https://petsone.pk/product/homie-super-premium-low-grain-adult-cat-food-chicken/?attribute_pa_pack-size=3-75-kg,(0),"[""nofollow""]",raw,True,,,False,False
https://petsone.pk/,https://petsone.pk/product/homie-super-premium-low-grain-adult-cat-food-chicken/?attribute_pa_pack-size=3-75-kg&variation_id=3566159&add-to-cart=3566134,Add to cart,"[""nofollow""]",raw,True,,,False,False
https://petsone.pk/,https://petsone.pk/brand/diamond/,,[],raw,True,,,False,False
https://petsone.pk/,https://petsone.pk/shop/?query_type_brand=or&filter_brand=econature%2Cperfect%2Cpronature,,[],raw,True,,,False,False
https://petsone.pk/,https://petsone.pk/product/diamond-care-urinary-support-formula-for-adult-cats-2-72-kg/,,[],raw,True,,,False,False
https://petsone.pk/,https://petsone.pk/product/diamond-care-urinary-support-formula-for-adult-cats-2-72-kg/,Quick view,"[""nofollow""]",raw,True,,,False,False
https://petsone.pk/,https://petsone.pk/product/diamond-care-urinary-support-formula-for-adult-cats-2-72-kg/,DIAMOND Care Urinary Support Formula For Adult Cats – 2.72 Kg,[],raw,True,,,False,False
https://petsone.pk/,https://petsone.pk/product-category/pets-supplies/cat-supplies/cat-food/veterinary-formula-diets-for-cats/,Veterinary Formula Diets for Cats,"[""tag""]",raw,True,,,False,False
https://petsone.pk/,https://petsone.pk/brand/diamond/,Diamond,[],raw,True,,,False,False
https://petsone.pk/,https://petsone.pk/?add-to-cart=3512710,Add to cart,"[""nofollow""]",raw,True,,,False,False
https://petsone.pk/,https://petsone.pk/product/diamond-maintenance-cat-food/?attribute_pa_pack-size=9-kg,,[],raw,True,,,False,False
https://petsone.pk/,https://petsone.pk/product/diamond-maintenance-cat-food/?attribute_pa_pack-size=9-kg,Quick view,"[""nofollow""]",raw,True,,,False,False
https://petsone.pk/,https://petsone.pk/product/diamond-maintenance-cat-food/?attribute_pa_pack-size=9-kg,Diamond MAINTENANCE CAT Food – 9 KG,[],raw,True,,,False,False
https://petsone.pk/,https://petsone.pk/product-category/pets-supplies/cat-supplies/cat-food/dry-food-for-cats/,Dry Food for Cats,"[""tag""]",raw,True,,,False,False
https://petsone.pk/,https://petsone.pk/brand/diamond/,Diamond,[],raw,True,,,False,False
https://petsone.pk/,https://petsone.pk/product/diamond-maintenance-cat-food/?attribute_pa_pack-size=9-kg,OUT OF STOCK,[],raw,True,,,False,False
https://petsone.pk/,https://petsone.pk/product/nutragold-cat-diamond-naturals-indoor-cat-food/?attribute_pa_pack-size=3-kg,,[],raw,True,,,False,False
https://petsone.pk/,https://petsone.pk/product/nutragold-cat-diamond-naturals-indoor-cat-food/?attribute_pa_pack-size=3-kg,Quick view,"[""nofollow""]",raw,True,,,False,False
https://petsone.pk/,https://petsone.pk/product/nutragold-cat-diamond-naturals-indoor-cat-food/?attribute_pa_pack-size=3-kg,Nutragold Cat / Diamond Naturals Indoor Cat Food – 3 KG,[],raw,True,,,False,False
https://petsone.pk/,https://petsone.pk/product-category/pets-supplies/cat-supplies/cat-food/dry-food-for-cats/,Dry Food for Cats,"[""tag""]",raw,True,,,False,False
https://petsone.pk/,https://petsone.pk/brand/diamond/,Diamond,[],raw,True,,,False,False
https://petsone.pk/,https://petsone.pk/product/nutragold-cat-diamond-naturals-indoor-cat-food/?attribute_pa_pack-size=3-kg,(0),"[""nofollow""]",raw,True,,,False,False
https://petsone.pk/,https://petsone.pk/product/nutragold-cat-diamond-naturals-indoor-cat-food/?attribute_pa_pack-size=3-kg,OUT OF STOCK,[],raw,True,,,False,False
https://petsone.pk/,https://petsone.pk/shop/?query_type_brand=or&filter_brand=econature%2Cperfect%2Cpronature,,[],raw,True,,,False,False
https://petsone.pk/,https://petsone.pk/brand/taste-of-the-wild/,,[],raw,True,,,False,False
https://petsone.pk/,https://petsone.pk/product/bonacibo-adult-cat-food-2kg/,,[],raw,True,,,False,False
https://petsone.pk/,https://petsone.pk/product/bonacibo-adult-cat-food-2kg/,Quick view,"[""nofollow""]",raw,True,,,False,False
https://petsone.pk/,https://petsone.pk/product/bonacibo-adult-cat-food-2kg/,Bonacibo Adult Cat Food – 2KG,[],raw,True,,,False,False
https://petsone.pk/,https://petsone.pk/product-category/pets-supplies/cat-supplies/cat-food/dry-food-for-cats/,Dry Food for Cats,"[""tag""]",raw,True,,,False,False
https://petsone.pk/,https://petsone.pk/brand/bonacibo/,Bonacibo,[],raw,True,,,False,False
https://petsone.pk/,https://petsone.pk/product/bonacibo-adult-cat-food-2kg/,(6),"[""nofollow""]",raw,True,,,False,False
https://petsone.pk/,https://petsone.pk/?add-to-cart=3512552,Add to cart,"[""nofollow""]",raw,True,,,False,False
https://petsone.pk/,https://petsone.pk/product/bonacibo-kitten-food-1-5-kg/,,[],raw,True,,,False,False
https://petsone.pk/,https://petsone.pk/product/bonacibo-kitten-food-1-5-kg/,Quick view,"[""nofollow""]",raw,True,,,False,False
https://petsone.pk/,https://petsone.pk/product/bonacibo-kitten-food-1-5-kg/,Bonacibo Kitten Food – 1.5 KG,[],raw,True,,,False,False
https://petsone.pk/,https://petsone.pk/product-category/pets-supplies/cat-supplies/cat-food/dry-food-for-cats/,Dry Food for Cats,"[""tag""]",raw,True,,,False,False
https://petsone.pk/,https://petsone.pk/brand/bonacibo/,Bonacibo,[],raw,True,,,False,False
https://petsone.pk/,https://petsone.pk/product/bonacibo-kitten-food-1-5-kg/,(4),"[""nofollow""]",raw,True,,,False,False
https://petsone.pk/,https://petsone.pk/?add-to-cart=3512551,Add to cart,"[""nofollow""]",raw,True,,,False,False
https://petsone.pk/,https://petsone.pk/product/josera-catelux-cat-food/?attribute_pa_pack-size=2-kg,,[],raw,True,,,False,False
https://petsone.pk/,https://petsone.pk/product/josera-catelux-cat-food/?attribute_pa_pack-size=2-kg,Quick view,"[""nofollow""]",raw,True,,,False,False
https://petsone.pk/,https://petsone.pk/product/josera-catelux-cat-food/?attribute_pa_pack-size=2-kg,Josera Catelux Cat Food – 2 KG,[],raw,True,,,False,False
https://petsone.pk/,https://petsone.pk/product-category/pets-supplies/cat-supplies/cat-food/dry-food-for-cats/,Dry Food for Cats,"[""tag""]",raw,True,,,False,False
https://petsone.pk/,https://petsone.pk/brand/josera/,Josera,[],raw,True,,,False,False
https://petsone.pk/,https://petsone.pk/product/josera-catelux-cat-food/?attribute_pa_pack-size=2-kg,(0),"[""nofollow""]",raw,True,,,False,False
https://petsone.pk/,https://petsone.pk/product/josera-catelux-cat-food/?attribute_pa_pack-size=2-kg&variation_id=3664140&add-to-cart=3517166,Add to cart,"[""nofollow""]",raw,True,,,False,False
https://petsone.pk/,https://petsone.pk/product/josera-help-urinary-adult-cat-food-2-kg/,,[],raw,True,,,False,False
https://petsone.pk/,https://petsone.pk/product/josera-help-urinary-adult-cat-food-2-kg/,Quick view,"[""nofollow""]",raw,True,,,False,False
https://petsone.pk/,https://petsone.pk/product/josera-help-urinary-adult-cat-food-2-kg/,Josera Help Urinary Adult Cat Food -2 KG,[],raw,True,,,False,False
https://petsone.pk/,https://petsone.pk/product-category/pets-supplies/cat-supplies/cat-food/dry-food-for-cats/,Dry Food for Cats,"[""tag""]",raw,True,,,False,False
https://petsone.pk/,https://petsone.pk/brand/josera/,Josera,[],raw,True,,,False,False
https://petsone.pk/,https://petsone.pk/?add-to-cart=3615458,Add to cart,"[""nofollow""]",raw,True,,,False,False
https://petsone.pk/,https://petsone.pk/product/josera-kitten-2-kg/?attribute_pa_pack-size=2-kg,,[],raw,True,,,False,False
https://petsone.pk/,https://petsone.pk/product/josera-kitten-2-kg/?attribute_pa_pack-size=2-kg,Quick view,"[""nofollow""]",raw,True,,,False,False
https://petsone.pk/,https://petsone.pk/product/josera-kitten-2-kg/?attribute_pa_pack-size=2-kg,Josera Kitten Food – 2 KG,[],raw,True,,,False,False
https://petsone.pk/,https://petsone.pk/product-category/pets-supplies/cat-supplies/cat-food/dry-food-for-cats/,Dry Food for Cats,"[""tag""]",raw,True,,,False,False
https://petsone.pk/,https://petsone.pk/brand/josera/,Josera,[],raw,True,,,False,False
https://petsone.pk/,https://petsone.pk/product/josera-kitten-2-kg/?attribute_pa_pack-size=2-kg,(0),"[""nofollow""]",raw,True,,,False,False
https://petsone.pk/,https://petsone.pk/product/josera-kitten-2-kg/?attribute_pa_pack-size=2-kg&variation_id=3523119&add-to-cart=3517164,Add to cart,"[""nofollow""]",raw,True,,,False,False
https://petsone.pk/,https://petsone.pk/product/josera-marinesse-cat-food-2-kg/,,[],raw,True,,,False,False
https://petsone.pk/,https://petsone.pk/product/josera-marinesse-cat-food-2-kg/,Quick view,"[""nofollow""]",raw,True,,,False,False
https://petsone.pk/,https://petsone.pk/product/josera-marinesse-cat-food-2-kg/,Josera Marinesse Cat Food – 2 KG,[],raw,True,,,False,False
https://petsone.pk/,https://petsone.pk/product-category/pets-supplies/cat-supplies/cat-food/dry-food-for-cats/,Dry Food for Cats,"[""tag""]",raw,True,,,False,False
https://petsone.pk/,https://petsone.pk/brand/josera/,Josera,[],raw,True,,,False,False
https://petsone.pk/,https://petsone.pk/?add-to-cart=53810,Add to cart,"[""nofollow""]",raw,True,,,False,False
https://petsone.pk/,https://petsone.pk/product/josera-wet-food-for-kittens-josera-wet-food-pouch/,,[],raw,True,,,False,False
https://petsone.pk/,https://petsone.pk/product/josera-wet-food-for-kittens-josera-wet-food-pouch/,Quick view,"[""nofollow""]",raw,True,,,False,False
https://petsone.pk/,https://petsone.pk/product/josera-wet-food-for-kittens-josera-wet-food-pouch/,Josera Wet Food for Kittens / Josera Wet Food Pouch,[],raw,True,,,False,False
https://petsone.pk/,https://petsone.pk/product-category/pets-supplies/cat-supplies/cat-food/wet-food-for-cats/,Wet Food for Cats,"[""tag""]",raw,True,,,False,False
https://petsone.pk/,https://petsone.pk/brand/josera/,Josera,[],raw,True,,,False,False
https://petsone.pk/,https://petsone.pk/product/josera-wet-food-for-kittens-josera-wet-food-pouch/,(2),"[""nofollow""]",raw,True,,,False,False
https://petsone.pk/,https://petsone.pk/?add-to-cart=3513634,Add to cart,"[""nofollow""]",raw,True,,,False,False
https://petsone.pk/,https://petsone.pk/product/bonacibo-wet-food-for-cats-in-can-beef-chunks-in-jelly/,,[],raw,True,,,False,False
https://petsone.pk/,https://petsone.pk/product/bonacibo-wet-food-for-cats-in-can-beef-chunks-in-jelly/,Quick view,"[""nofollow""]",raw,True,,,False,False
https://petsone.pk/,https://petsone.pk/product/bonacibo-wet-food-for-cats-in-can-beef-chunks-in-jelly/,Bonacibo Wet Food for Cats in Can – Beef Chunks in Jelly,[],raw,True,,,False,False
https://petsone.pk/,https://petsone.pk/product-category/pets-supplies/cat-supplies/cat-food/wet-food-for-cats/,Wet Food for Cats,"[""tag""]",raw,True,,,False,False
https://petsone.pk/,https://petsone.pk/brand/bonacibo/,Bonacibo,[],raw,True,,,False,False
https://petsone.pk/,https://petsone.pk/product/bonacibo-wet-food-for-cats-in-can-beef-chunks-in-jelly/,(1),"[""nofollow""]",raw,True,,,False,False
https://petsone.pk/,https://petsone.pk/?add-to-cart=3511633,Add to cart,"[""nofollow""]",raw,True,,,False,False
https://petsone.pk/,https://petsone.pk/product/pet-nosh-mousse-wet-cat-food-85-gram/?attribute_pa_flavor=chicken,,[],raw,True,,,False,False
https://petsone.pk/,https://petsone.pk/product/pet-nosh-mousse-wet-cat-food-85-gram/?attribute_pa_flavor=chicken,Quick view,"[""nofollow""]",raw,True,,,False,False
https://petsone.pk/,https://petsone.pk/product/pet-nosh-mousse-wet-cat-food-85-gram/?attribute_pa_flavor=chicken,Pet Nosh Mousse / Wet Cat Food – 85 Gram – Chicken,[],raw,True,,,False,False
https://petsone.pk/,https://petsone.pk/product-category/pets-supplies/cat-supplies/cat-food/wet-food-for-cats/,Wet Food for Cats,"[""tag""]",raw,True,,,False,False
https://petsone.pk/,https://petsone.pk/brand/pet-nosh/,Pet Nosh,[],raw,True,,,False,False
https://petsone.pk/,https://petsone.pk/product/pet-nosh-mousse-wet-cat-food-85-gram/?attribute_pa_flavor=chicken,(0),"[""nofollow""]",raw,True,,,False,False
https://petsone.pk/,https://petsone.pk/product/pet-nosh-mousse-wet-cat-food-85-gram/?attribute_pa_flavor=chicken&variation_id=3702812&add-to-cart=3702808,Add to cart,"[""nofollow""]",raw,True,,,False,False
https://petsone.pk/,https://petsone.pk/product/pet-nosh-meat-and-veggie-cat-food/?attribute_pa_pack-size=400-gram,,[],raw,True,,,False,False
https://petsone.pk/,https://petsone.pk/product/pet-nosh-meat-and-veggie-cat-food/?attribute_pa_pack-size=400-gram,Quick view,"[""nofollow""]",raw,True,,,False,False
https://petsone.pk/,https://petsone.pk/product/pet-nosh-meat-and-veggie-cat-food/?attribute_pa_pack-size=400-gram,Pet Nosh Meat And Veggie Cat Food – 400 Gram,[],raw,True,,,False,False
https://petsone.pk/,https://petsone.pk/product-category/pets-supplies/cat-supplies/cat-food/dry-food-for-cats/,Dry Food for Cats,"[""tag""]",raw,True,,,False,False
https://petsone.pk/,https://petsone.pk/brand/pet-nosh/,Pet Nosh,[],raw,True,,,False,False
https://petsone.pk/,https://petsone.pk/product/pet-nosh-meat-and-veggie-cat-food/?attribute_pa_pack-size=400-gram,(0),"[""nofollow""]",raw,True,,,False,False
https://petsone.pk/,https://petsone.pk/product/pet-nosh-meat-and-veggie-cat-food/?attribute_pa_pack-size=400-gram&variation_id=3517046&add-to-cart=3517042,Add to cart,"[""nofollow""]",raw,True,,,False,False
https://petsone.pk/,https://petsone.pk/product/pet-nosh-plus-adult-cat-food-meat-and-veggie/?attribute_pa_pack-size=1-2-kg,,[],raw,True,,,False,False
https://petsone.pk/,https://petsone.pk/product/pet-nosh-plus-adult-cat-food-meat-and-veggie/?attribute_pa_pack-size=1-2-kg,Quick view,"[""nofollow""]",raw,True,,,False,False
https://petsone.pk/,https://petsone.pk/product/pet-nosh-plus-adult-cat-food-meat-and-veggie/?attribute_pa_pack-size=1-2-kg,Pet Nosh PLUS Adult Cat Food Meat And Veggie – 1.2 KG,[],raw,True,,,False,False
https://petsone.pk/,https://petsone.pk/product-category/pets-supplies/cat-supplies/cat-food/dry-food-for-cats/,Dry Food for Cats,"[""tag""]",raw,True,,,False,False
https://petsone.pk/,https://petsone.pk/brand/pet-nosh/,Pet Nosh,[],raw,True,,,False,False
https://petsone.pk/,https://petsone.pk/product/pet-nosh-plus-adult-cat-food-meat-and-veggie/?attribute_pa_pack-size=1-2-kg,(0),"[""nofollow""]",raw,True,,,False,False
https://petsone.pk/,https://petsone.pk/product/pet-nosh-plus-adult-cat-food-meat-and-veggie/?attribute_pa_pack-size=1-2-kg&variation_id=3517206&add-to-cart=3517205,Add to cart,"[""nofollow""]",raw,True,,,False,False
https://petsone.pk/,https://petsone.pk/product/mestre-cat-food-all-life-stages-cat-food-1-kg/,,[],raw,True,,,False,False
https://petsone.pk/,https://petsone.pk/product/mestre-cat-food-all-life-stages-cat-food-1-kg/,Quick view,"[""nofollow""]",raw,True,,,False,False
https://petsone.pk/,https://petsone.pk/product/mestre-cat-food-all-life-stages-cat-food-1-kg/,Mestre Cat Food – All Life Stages Cat Food – 1 KG,[],raw,True,,,False,False
https://petsone.pk/,https://petsone.pk/product-category/pets-supplies/cat-supplies/cat-food/dry-food-for-cats/,Dry Food for Cats,"[""tag""]",raw,True,,,False,False
https://petsone.pk/,https://petsone.pk/brand/pet-nosh/,Pet Nosh,[],raw,True,,,False,False
https://petsone.pk/,https://petsone.pk/?add-to-cart=3577376,Add to cart,"[""nofollow""]",raw,True,,,False,False
https://petsone.pk/,https://petsone.pk/product/pet-nosh-plus-adult-cat-food-meat-and-veggie/?attribute_pa_pack-size=400-gram,,[],raw,True,,,False,False
https://petsone.pk/,https://petsone.pk/product/pet-nosh-plus-adult-cat-food-meat-and-veggie/?attribute_pa_pack-size=400-gram,Quick view,"[""nofollow""]",raw,True,,,False,False
https://petsone.pk/,https://petsone.pk/product/pet-nosh-plus-adult-cat-food-meat-and-veggie/?attribute_pa_pack-size=400-gram,Pet Nosh PLUS Adult Cat Food Meat And Veggie – 400 Gram,[],raw,True,,,False,False
https://petsone.pk/,https://petsone.pk/product-category/pets-supplies/cat-supplies/cat-food/dry-food-for-cats/,Dry Food for Cats,"[""tag""]",raw,True,,,False,False
https://petsone.pk/,https://petsone.pk/brand/pet-nosh/,Pet Nosh,[],raw,True,,,False,False
https://petsone.pk/,https://petsone.pk/product/pet-nosh-plus-adult-cat-food-meat-and-veggie/?attribute_pa_pack-size=400-gram,(0),"[""nofollow""]",raw,True,,,False,False
https://petsone.pk/,https://petsone.pk/product/pet-nosh-plus-adult-cat-food-meat-and-veggie/?attribute_pa_pack-size=400-gram&variation_id=3658706&add-to-cart=3517205,Add to cart,"[""nofollow""]",raw,True,,,False,False
https://petsone.pk/,https://petsone.pk/product/pet-nosh-creamy-cat-treat-75-gram/?attribute_pa_flavor=chicken,,[],raw,True,,,False,False
https://petsone.pk/,https://petsone.pk/product/pet-nosh-creamy-cat-treat-75-gram/?attribute_pa_flavor=chicken,Quick view,"[""nofollow""]",raw,True,,,False,False
https://petsone.pk/,https://petsone.pk/product/pet-nosh-creamy-cat-treat-75-gram/?attribute_pa_flavor=chicken,Pet Nosh Creamy Cat Treat – 75 Gram – Chicken,[],raw,True,,,False,False
https://petsone.pk/,https://petsone.pk/product-category/pets-supplies/cat-supplies/cat-treats/creamy-treats/,Creamy Treats,"[""tag""]",raw,True,,,False,False
https://petsone.pk/,https://petsone.pk/brand/pet-nosh/,Pet Nosh,[],raw,True,,,False,False
https://petsone.pk/,https://petsone.pk/product/pet-nosh-creamy-cat-treat-75-gram/?attribute_pa_flavor=chicken,(0),"[""nofollow""]",raw,True,,,False,False
https://petsone.pk/,https://petsone.pk/product/pet-nosh-creamy-cat-treat-75-gram/?attribute_pa_flavor=chicken&variation_id=3658713&add-to-cart=3658710,Add to cart,"[""nofollow""]",raw,True,,,False,False
https://petsone.pk/,https://petsone.pk/product/pet-nosh-meat-and-veggie-cat-food/?attribute_pa_pack-size=1-kg,,[],raw,True,,,False,False
https://petsone.pk/,https://petsone.pk/product/pet-nosh-meat-and-veggie-cat-food/?attribute_pa_pack-size=1-kg,Quick view,"[""nofollow""]",raw,True,,,False,False
https://petsone.pk/,https://petsone.pk/product/pet-nosh-meat-and-veggie-cat-food/?attribute_pa_pack-size=1-kg,Pet Nosh Meat And Veggie Cat Food – 1 KG,[],raw,True,,,False,False
https://petsone.pk/,https://petsone.pk/product-category/pets-supplies/cat-supplies/cat-food/dry-food-for-cats/,Dry Food for Cats,"[""tag""]",raw,True,,,False,False
https://petsone.pk/,https://petsone.pk/brand/pet-nosh/,Pet Nosh,[],raw,True,,,False,False
https://petsone.pk/,https://petsone.pk/product/pet-nosh-meat-and-veggie-cat-food/?attribute_pa_pack-size=1-kg,(0),"[""nofollow""]",raw,True,,,False,False
https://petsone.pk/,https://petsone.pk/product/pet-nosh-meat-and-veggie-cat-food/?attribute_pa_pack-size=1-kg&variation_id=3517044&add-to-cart=3517042,Add to cart,"[""nofollow""]",raw,True,,,False,False
https://petsone.pk/,https://petsone.pk/product/pet-nosh-mousse-wet-cat-food-85-gram/?attribute_pa_flavor=tuna,,[],raw,True,,,False,False
https://petsone.pk/,https://petsone.pk/product/pet-nosh-mousse-wet-cat-food-85-gram/?attribute_pa_flavor=tuna,Quick view,"[""nofollow""]",raw,True,,,False,False
https://petsone.pk/,https://petsone.pk/product/pet-nosh-mousse-wet-cat-food-85-gram/?attribute_pa_flavor=tuna,Pet Nosh Mousse / Wet Cat Food – 85 Gram – Tuna,[],raw,True,,,False,False
https://petsone.pk/,https://petsone.pk/product-category/pets-supplies/cat-supplies/cat-food/wet-food-for-cats/,Wet Food for Cats,"[""tag""]",raw,True,,,False,False
https://petsone.pk/,https://petsone.pk/brand/pet-nosh/,Pet Nosh,[],raw,True,,,False,False
https://petsone.pk/,https://petsone.pk/product/pet-nosh-mousse-wet-cat-food-85-gram/?attribute_pa_flavor=tuna,(0),"[""nofollow""]",raw,True,,,False,False
https://petsone.pk/,https://petsone.pk/product/pet-nosh-mousse-wet-cat-food-85-gram/?attribute_pa_flavor=tuna&variation_id=3702814&add-to-cart=3702808,Add to cart,"[""nofollow""]",raw,True,,,False,False
https://petsone.pk/,https://petsone.pk/product/pet-nosh-plus-adult-cat-food-meat-and-veggie/?attribute_pa_pack-size=3-7-kg,,[],raw,True,,,False,False
https://petsone.pk/,https://petsone.pk/product/pet-nosh-plus-adult-cat-food-meat-and-veggie/?attribute_pa_pack-size=3-7-kg,Quick view,"[""nofollow""]",raw,True,,,False,False
https://petsone.pk/,https://petsone.pk/product/pet-nosh-plus-adult-cat-food-meat-and-veggie/?attribute_pa_pack-size=3-7-kg,Pet Nosh PLUS Adult Cat Food Meat And Veggie – 3.7 KG,[],raw,True,,,False,False
https://petsone.pk/,https://petsone.pk/product-category/pets-supplies/cat-supplies/cat-food/dry-food-for-cats/,Dry Food for Cats,"[""tag""]",raw,True,,,False,False
https://petsone.pk/,https://petsone.pk/brand/pet-nosh/,Pet Nosh,[],raw,True,,,False,False
https://petsone.pk/,https://petsone.pk/product/pet-nosh-plus-adult-cat-food-meat-and-veggie/?attribute_pa_pack-size=3-7-kg,(0),"[""nofollow""]",raw,True,,,False,False
https://petsone.pk/,https://petsone.pk/product/pet-nosh-plus-adult-cat-food-meat-and-veggie/?attribute_pa_pack-size=3-7-kg&variation_id=3517208&add-to-cart=3517205,Add to cart,"[""nofollow""]",raw,True,,,False,False
https://petsone.pk/,https://petsone.pk/product/pet-nosh-mousse-wet-cat-food-85-gram/?attribute_pa_flavor=salmon,,[],raw,True,,,False,False
https://petsone.pk/,https://petsone.pk/product/pet-nosh-mousse-wet-cat-food-85-gram/?attribute_pa_flavor=salmon,Quick view,"[""nofollow""]",raw,True,,,False,False
https://petsone.pk/,https://petsone.pk/product/pet-nosh-mousse-wet-cat-food-85-gram/?attribute_pa_flavor=salmon,Pet Nosh Mousse / Wet Cat Food – 85 Gram – Salmon,[],raw,True,,,False,False
https://petsone.pk/,https://petsone.pk/product-category/pets-supplies/cat-supplies/cat-food/wet-food-for-cats/,Wet Food for Cats,"[""tag""]",raw,True,,,False,False
https://petsone.pk/,https://petsone.pk/brand/pet-nosh/,Pet Nosh,[],raw,True,,,False,False
https://petsone.pk/,https://petsone.pk/product/pet-nosh-mousse-wet-cat-food-85-gram/?attribute_pa_flavor=salmon,(0),"[""nofollow""]",raw,True,,,False,False
https://petsone.pk/,https://petsone.pk/product/pet-nosh-mousse-wet-cat-food-85-gram/?attribute_pa_flavor=salmon&variation_id=3702813&add-to-cart=3702808,Add to cart,"[""nofollow""]",raw,True,,,False,False
https://petsone.pk/,https://petsone.pk/product/pet-nosh-high-energy-adult-dog-food/?attribute_pa_pack-size=15-kg,,[],raw,True,,,False,False
https://petsone.pk/,https://petsone.pk/product/pet-nosh-high-energy-adult-dog-food/?attribute_pa_pack-size=15-kg,Quick view,"[""nofollow""]",raw,True,,,False,False
https://petsone.pk/,https://petsone.pk/product/pet-nosh-high-energy-adult-dog-food/?attribute_pa_pack-size=15-kg,Pet Nosh High Energy Adult Dog Food – 15 KG,[],raw,True,,,False,False
https://petsone.pk/,https://petsone.pk/product-category/pets-supplies/dog-supplies/dog-food/dry-food-for-dogs/,Dry Food for Dogs,"[""tag""]",raw,True,,,False,False
https://petsone.pk/,https://petsone.pk/brand/pet-nosh/,Pet Nosh,[],raw,True,,,False,False
https://petsone.pk/,https://petsone.pk/product/pet-nosh-high-energy-adult-dog-food/?attribute_pa_pack-size=15-kg,(0),"[""nofollow""]",raw,True,,,False,False
https://petsone.pk/,https://petsone.pk/product/pet-nosh-high-energy-adult-dog-food/?attribute_pa_pack-size=15-kg&variation_id=3546661&add-to-cart=3515728,Add to cart,"[""nofollow""]",raw,True,,,False,False
https://petsone.pk/,https://petsone.pk/product/pet-nosh-plus-adult-cat-food-meat-and-veggie/?attribute_pa_pack-size=12-kg,,[],raw,True,,,False,False
https://petsone.pk/,https://petsone.pk/product/pet-nosh-plus-adult-cat-food-meat-and-veggie/?attribute_pa_pack-size=12-kg,Quick view,"[""nofollow""]",raw,True,,,False,False
https://petsone.pk/,https://petsone.pk/product/pet-nosh-plus-adult-cat-food-meat-and-veggie/?attribute_pa_pack-size=12-kg,Pet Nosh PLUS Adult Cat Food Meat And Veggie – 12 KG,[],raw,True,,,False,False
https://petsone.pk/,https://petsone.pk/product-category/pets-supplies/cat-supplies/cat-food/dry-food-for-cats/,Dry Food for Cats,"[""tag""]",raw,True,,,False,False
https://petsone.pk/,https://petsone.pk/brand/pet-nosh/,Pet Nosh,[],raw,True,,,False,False
https://petsone.pk/,https://petsone.pk/product/pet-nosh-plus-adult-cat-food-meat-and-veggie/?attribute_pa_pack-size=12-kg,(0),"[""nofollow""]",raw,True,,,False,False
https://petsone.pk/,https://petsone.pk/product/pet-nosh-plus-adult-cat-food-meat-and-veggie/?attribute_pa_pack-size=12-kg&variation_id=3517207&add-to-cart=3517205,Add to cart,"[""nofollow""]",raw,True,,,False,False
https://petsone.pk/,https://petsone.pk/product/whiskas-jelly-85-gram-pouch/?attribute_pa_flavor=poultry,,[],raw,True,,,False,False
https://petsone.pk/,https://petsone.pk/product/whiskas-jelly-85-gram-pouch/?attribute_pa_flavor=poultry,Quick view,"[""nofollow""]",raw,True,,,False,False
https://petsone.pk/,https://petsone.pk/product/whiskas-jelly-85-gram-pouch/?attribute_pa_flavor=poultry,WHISKAS Jelly 80/85 Gram Pouch (Chicken/Turkey/Duck),[],raw,True,,,False,False
https://petsone.pk/,https://petsone.pk/product-category/pets-supplies/cat-supplies/cat-food/wet-food-for-cats/,Wet Food for Cats,"[""tag""]",raw,True,,,False,False
https://petsone.pk/,https://petsone.pk/brand/whiskas/,WHISKAS,[],raw,True,,,False,False
https://petsone.pk/,https://petsone.pk/product/whiskas-jelly-85-gram-pouch/?attribute_pa_flavor=poultry,(0),"[""nofollow""]",raw,True,,,False,False
https://petsone.pk/,https://petsone.pk/product/whiskas-jelly-85-gram-pouch/?attribute_pa_flavor=poultry&variation_id=3516748&add-to-cart=3511595,Add to cart,"[""nofollow""]",raw,True,,,False,False
https://petsone.pk/,https://petsone.pk/product/whiskas-1-poultry-feasts-in-gravy-12-pouch-box/,,[],raw,True,,,False,False
https://petsone.pk/,https://petsone.pk/product/whiskas-1-poultry-feasts-in-gravy-12-pouch-box/,Quick view,"[""nofollow""]",raw,True,,,False,False
https://petsone.pk/,https://petsone.pk/product/whiskas-1-poultry-feasts-in-gravy-12-pouch-box/,Whiskas 1+ Pouches Poultry Feasts In Gravy – 12 Pouch Box,[],raw,True,,,False,False
https://petsone.pk/,https://petsone.pk/product-category/pets-supplies/cat-supplies/cat-food/wet-food-for-cats/,Wet Food for Cats,"[""tag""]",raw,True,,,False,False
https://petsone.pk/,https://petsone.pk/brand/whiskas/,WHISKAS,[],raw,True,,,False,False
https://petsone.pk/,https://petsone.pk/product/whiskas-1-poultry-feasts-in-gravy-12-pouch-box/,(1),"[""nofollow""]",raw,True,,,False,False
https://petsone.pk/,https://petsone.pk/?add-to-cart=3516623,Add to cart,"[""nofollow""]",raw,True,,,False,False
https://petsone.pk/,https://petsone.pk/product/whiskas-1-pouches-poultry-feast-in-jelly-12-pouch-box/,,[],raw,True,,,False,False
https://petsone.pk/,https://petsone.pk/product/whiskas-1-pouches-poultry-feast-in-jelly-12-pouch-box/,Quick view,"[""nofollow""]",raw,True,,,False,False
https://petsone.pk/,https://petsone.pk/product/whiskas-1-pouches-poultry-feast-in-jelly-12-pouch-box/,Whiskas 1+ Pouches Poultry Feast in Jelly – 12 Pouch Box,[],raw,True,,,False,False
https://petsone.pk/,https://petsone.pk/product-category/pets-supplies/cat-supplies/cat-food/wet-food-for-cats/,Wet Food for Cats,"[""tag""]",raw,True,,,False,False
https://petsone.pk/,https://petsone.pk/brand/whiskas/,WHISKAS,[],raw,True,,,False,False
https://petsone.pk/,https://petsone.pk/product/whiskas-1-pouches-poultry-feast-in-jelly-12-pouch-box/,(1),"[""nofollow""]",raw,True,,,False,False
https://petsone.pk/,https://petsone.pk/?add-to-cart=3516139,Add to cart,"[""nofollow""]",raw,True,,,False,False
https://petsone.pk/,https://petsone.pk/product/whiskas-2-12-month-kitten-poultry-feasts-in-jelly-85-gram-pouch/?attribute_pa_flavor=duck,,[],raw,True,,,False,False
https://petsone.pk/,https://petsone.pk/product/whiskas-2-12-month-kitten-poultry-feasts-in-jelly-85-gram-pouch/?attribute_pa_flavor=duck,Quick view,"[""nofollow""]",raw,True,,,False,False
https://petsone.pk/,https://petsone.pk/product/whiskas-2-12-month-kitten-poultry-feasts-in-jelly-85-gram-pouch/?attribute_pa_flavor=duck,Whiskas 2-12 Month Kitten Poultry Feasts In Jelly – 85 Gram Pouch – Duck,[],raw,True,,,False,False
https://petsone.pk/,https://petsone.pk/product-category/pets-supplies/cat-supplies/cat-food/wet-food-for-cats/,Wet Food for Cats,"[""tag""]",raw,True,,,False,False
https://petsone.pk/,https://petsone.pk/brand/whiskas/,WHISKAS,[],raw,True,,,False,False
https://petsone.pk/,https://petsone.pk/product/whiskas-2-12-month-kitten-poultry-feasts-in-jelly-85-gram-pouch/?attribute_pa_flavor=duck,(0),"[""nofollow""]",raw,True,,,False,False
https://petsone.pk/,https://petsone.pk/product/whiskas-2-12-month-kitten-poultry-feasts-in-jelly-85-gram-pouch/?attribute_pa_flavor=duck&variation_id=3744894&add-to-cart=3516145,Add to cart,"[""nofollow""]",raw,True,,,False,False
https://petsone.pk/,https://petsone.pk/product/whiskas-1-dry-cat-food-800-gram/?attribute_pa_flavor=lamb,,[],raw,True,,,False,False
https://petsone.pk/,https://petsone.pk/product/whiskas-1-dry-cat-food-800-gram/?attribute_pa_flavor=lamb,Quick view,"[""nofollow""]",raw,True,,,False,False
https://petsone.pk/,https://petsone.pk/product/whiskas-1-dry-cat-food-800-gram/?attribute_pa_flavor=lamb,Whiskas 1+ Dry Cat Food – 800 Gram – Lamb,[],raw,True,,,False,False
https://petsone.pk/,https://petsone.pk/product-category/pets-supplies/cat-supplies/cat-food/dry-food-for-cats/,Dry Food for Cats,"[""tag""]",raw,True,,,False,False
https://petsone.pk/,https://petsone.pk/brand/whiskas/,WHISKAS,[],raw,True,,,False,False
https://petsone.pk/,https://petsone.pk/product/whiskas-1-dry-cat-food-800-gram/?attribute_pa_flavor=lamb,(0),"[""nofollow""]",raw,True,,,False,False
https://petsone.pk/,https://petsone.pk/product/whiskas-1-dry-cat-food-800-gram/?attribute_pa_flavor=lamb&variation_id=3722641&add-to-cart=3511711,Add to cart,"[""nofollow""]",raw,True,,,False,False
https://petsone.pk/,https://petsone.pk/product/whiskas-1-pouches-meaty-meals-in-jelly-12-pouch-box/,,[],raw,True,,,False,False
https://petsone.pk/,https://petsone.pk/product/whiskas-1-pouches-meaty-meals-in-jelly-12-pouch-box/,Quick view,"[""nofollow""]",raw,True,,,False,False
https://petsone.pk/,https://petsone.pk/product/whiskas-1-pouches-meaty-meals-in-jelly-12-pouch-box/,Whiskas 1+ Pouches Meaty Meals In Jelly – 12 Pouch Box,[],raw,True,,,False,False
https://petsone.pk/,https://petsone.pk/product-category/pets-supplies/cat-supplies/cat-food/wet-food-for-cats/,Wet Food for Cats,"[""tag""]",raw,True,,,False,False
https://petsone.pk/,https://petsone.pk/brand/whiskas/,WHISKAS,[],raw,True,,,False,False
https://petsone.pk/,https://petsone.pk/product/whiskas-1-pouches-meaty-meals-in-jelly-12-pouch-box/,(3),"[""nofollow""]",raw,True,,,False,False
https://petsone.pk/,https://petsone.pk/?add-to-cart=3516140,Add to cart,"[""nofollow""]",raw,True,,,False,False
https://petsone.pk/,https://petsone.pk/product/whiskas-2-12-month-kitten-poultry-feasts-in-jelly-85-gram-pouch/?attribute_pa_flavor=poultry,,[],raw,True,,,False,False
https://petsone.pk/,https://petsone.pk/product/whiskas-2-12-month-kitten-poultry-feasts-in-jelly-85-gram-pouch/?attribute_pa_flavor=poultry,Quick view,"[""nofollow""]",raw,True,,,False,False
https://petsone.pk/,https://petsone.pk/product/whiskas-2-12-month-kitten-poultry-feasts-in-jelly-85-gram-pouch/?attribute_pa_flavor=poultry,Whiskas 2-12 Month Kitten Poultry Feasts In Jelly – 85 Gram Pouch – Poultry,[],raw,True,,,False,False
https://petsone.pk/,https://petsone.pk/product-category/pets-supplies/cat-supplies/cat-food/wet-food-for-cats/,Wet Food for Cats,"[""tag""]",raw,True,,,False,False
https://petsone.pk/,https://petsone.pk/brand/whiskas/,WHISKAS,[],raw,True,,,False,False
https://petsone.pk/,https://petsone.pk/product/whiskas-2-12-month-kitten-poultry-feasts-in-jelly-85-gram-pouch/?attribute_pa_flavor=poultry,(0),"[""nofollow""]",raw,True,,,False,False
https://petsone.pk/,https://petsone.pk/product/whiskas-2-12-month-kitten-poultry-feasts-in-jelly-85-gram-pouch/?attribute_pa_flavor=poultry&variation_id=3744895&add-to-cart=3516145,Add to cart,"[""nofollow""]",raw,True,,,False,False
https://petsone.pk/,https://petsone.pk/product/whiskas-2-12-month-kitten-poultry-feasts-in-jelly-85-gram-pouch/?attribute_pa_flavor=turkey,,[],raw,True,,,False,False
https://petsone.pk/,https://petsone.pk/product/whiskas-2-12-month-kitten-poultry-feasts-in-jelly-85-gram-pouch/?attribute_pa_flavor=turkey,Quick view,"[""nofollow""]",raw,True,,,False,False
https://petsone.pk/,https://petsone.pk/product/whiskas-2-12-month-kitten-poultry-feasts-in-jelly-85-gram-pouch/?attribute_pa_flavor=turkey,Whiskas 2-12 Month Kitten Poultry Feasts In Jelly – 85 Gram Pouch – Turkey,[],raw,True,,,False,False
https://petsone.pk/,https://petsone.pk/product-category/pets-supplies/cat-supplies/cat-food/wet-food-for-cats/,Wet Food for Cats,"[""tag""]",raw,True,,,False,False
https://petsone.pk/,https://petsone.pk/brand/whiskas/,WHISKAS,[],raw,True,,,False,False
https://petsone.pk/,https://petsone.pk/product/whiskas-2-12-month-kitten-poultry-feasts-in-jelly-85-gram-pouch/?attribute_pa_flavor=turkey,(0),"[""nofollow""]",raw,True,,,False,False
https://petsone.pk/,https://petsone.pk/product/whiskas-2-12-month-kitten-poultry-feasts-in-jelly-85-gram-pouch/?attribute_pa_flavor=turkey&variation_id=3744896&add-to-cart=3516145,Add to cart,"[""nofollow""]",raw,True,,,False,False
https://petsone.pk/,https://petsone.pk/product/bundle-whiskas-jelly-pouch-85-gram-x-96-pouches/,,[],raw,True,,,False,False
https://petsone.pk/,https://petsone.pk/product/bundle-whiskas-jelly-pouch-85-gram-x-96-pouches/,Quick view,"[""nofollow""]",raw,True,,,False,False
https://petsone.pk/,https://petsone.pk/product/bundle-whiskas-jelly-pouch-85-gram-x-96-pouches/,Bundle : WHISKAS Jelly Pouch – 85 Gram x 96 Pouches,[],raw,True,,,False,False
https://petsone.pk/,https://petsone.pk/product-category/pets-supplies/cat-supplies/cat-food/wet-food-for-cats/,Wet Food for Cats,"[""tag""]",raw,True,,,False,False
https://petsone.pk/,https://petsone.pk/brand/whiskas/,WHISKAS,[],raw,True,,,False,False
https://petsone.pk/,https://petsone.pk/?add-to-cart=3746614,Add to cart,"[""nofollow""]",raw,True,,,False,False
https://petsone.pk/,https://petsone.pk/product/whiskas-2-12-month-kitten-poultry-feasts-in-jelly-85-gram-pouch/?attribute_pa_flavor=chicken,,[],raw,True,,,False,False
https://petsone.pk/,https://petsone.pk/product/whiskas-2-12-month-kitten-poultry-feasts-in-jelly-85-gram-pouch/?attribute_pa_flavor=chicken,Quick view,"[""nofollow""]",raw,True,,,False,False
https://petsone.pk/,https://petsone.pk/product/whiskas-2-12-month-kitten-poultry-feasts-in-jelly-85-gram-pouch/?attribute_pa_flavor=chicken,Whiskas 2-12 Month Kitten Poultry Feasts In Jelly – 85 Gram Pouch – Chicken,[],raw,True,,,False,False
https://petsone.pk/,https://petsone.pk/product-category/pets-supplies/cat-supplies/cat-food/wet-food-for-cats/,Wet Food for Cats,"[""tag""]",raw,True,,,False,False
https://petsone.pk/,https://petsone.pk/brand/whiskas/,WHISKAS,[],raw,True,,,False,False
https://petsone.pk/,https://petsone.pk/product/whiskas-2-12-month-kitten-poultry-feasts-in-jelly-85-gram-pouch/?attribute_pa_flavor=chicken,(0),"[""nofollow""]",raw,True,,,False,False
https://petsone.pk/,https://petsone.pk/product/whiskas-2-12-month-kitten-poultry-feasts-in-jelly-85-gram-pouch/?attribute_pa_flavor=chicken&variation_id=3744893&add-to-cart=3516145,Add to cart,"[""nofollow""]",raw,True,,,False,False
https://petsone.pk/,https://petsone.pk/product/whiskas-jelly-80-gram-pouch/?attribute_pa_flavor=chicken-with-salmon&attribute_pa_lifestage-best-for=kitten,,[],raw,True,,,False,False
https://petsone.pk/,https://petsone.pk/product/whiskas-jelly-80-gram-pouch/?attribute_pa_flavor=chicken-with-salmon&attribute_pa_lifestage-best-for=kitten,Quick view,"[""nofollow""]",raw,True,,,False,False
https://petsone.pk/,https://petsone.pk/product/whiskas-jelly-80-gram-pouch/?attribute_pa_flavor=chicken-with-salmon&attribute_pa_lifestage-best-for=kitten,Whiskas Jelly – 80 Gram Pouch,[],raw,True,,,False,False
https://petsone.pk/,https://petsone.pk/product-category/pets-supplies/cat-supplies/cat-food/wet-food-for-cats/,Wet Food for Cats,"[""tag""]",raw,True,,,False,False
https://petsone.pk/,https://petsone.pk/brand/whiskas/,WHISKAS,[],raw,True,,,False,False
https://petsone.pk/,https://petsone.pk/product/whiskas-jelly-80-gram-pouch/?attribute_pa_flavor=chicken-with-salmon&attribute_pa_lifestage-best-for=kitten,(0),"[""nofollow""]",raw,True,,,False,False
https://petsone.pk/,https://petsone.pk/product/whiskas-jelly-80-gram-pouch/?attribute_pa_flavor=chicken-with-salmon&attribute_pa_lifestage-best-for=kitten,OUT OF STOCK,[],raw,True,,,False,False
https://petsone.pk/,https://petsone.pk/product/whiskas-jelly-80-gram-pouch/?attribute_pa_flavor=salmon&attribute_pa_lifestage-best-for=adult-cat,,[],raw,True,,,False,False
https://petsone.pk/,https://petsone.pk/product/whiskas-jelly-80-gram-pouch/?attribute_pa_flavor=salmon&attribute_pa_lifestage-best-for=adult-cat,Quick view,"[""nofollow""]",raw,True,,,False,False
https://petsone.pk/,https://petsone.pk/product/whiskas-jelly-80-gram-pouch/?attribute_pa_flavor=salmon&attribute_pa_lifestage-best-for=adult-cat,Whiskas Jelly – 80 Gram Pouch,[],raw,True,,,False,False
https://petsone.pk/,https://petsone.pk/product-category/pets-supplies/cat-supplies/cat-food/wet-food-for-cats/,Wet Food for Cats,"[""tag""]",raw,True,,,False,False
https://petsone.pk/,https://petsone.pk/brand/whiskas/,WHISKAS,[],raw,True,,,False,False
https://petsone.pk/,https://petsone.pk/product/whiskas-jelly-80-gram-pouch/?attribute_pa_flavor=salmon&attribute_pa_lifestage-best-for=adult-cat,(0),"[""nofollow""]",raw,True,,,False,False
https://petsone.pk/,https://petsone.pk/product/whiskas-jelly-80-gram-pouch/?attribute_pa_flavor=salmon&attribute_pa_lifestage-best-for=adult-cat,OUT OF STOCK,[],raw,True,,,False,False
https://petsone.pk/,https://petsone.pk/product/carnaval-premium-adult-chunks-in-gravy-wet-cat-food-400-grams/?attribute_pa_flavor=lamb,,[],raw,True,,,False,False
https://petsone.pk/,https://petsone.pk/product/carnaval-premium-adult-chunks-in-gravy-wet-cat-food-400-grams/?attribute_pa_flavor=lamb,Quick view,"[""nofollow""]",raw,True,,,False,False
https://petsone.pk/,https://petsone.pk/product/carnaval-premium-adult-chunks-in-gravy-wet-cat-food-400-grams/?attribute_pa_flavor=lamb,Carnaval Premium Adult Chunks In Gravy Wet Cat Food – 400 Grams – Lamb,[],raw,True,,,False,False
https://petsone.pk/,https://petsone.pk/product-category/pets-supplies/cat-supplies/cat-food/wet-food-for-cats/,Wet Food for Cats,"[""tag""]",raw,True,,,False,False
https://petsone.pk/,https://petsone.pk/brand/carnaval/,Carnaval,[],raw,True,,,False,False
https://petsone.pk/,https://petsone.pk/product/carnaval-premium-adult-chunks-in-gravy-wet-cat-food-400-grams/?attribute_pa_flavor=lamb&variation_id=3736037&add-to-cart=3514224,Add to cart,"[""nofollow""]",raw,True,,,False,False
https://petsone.pk/,https://petsone.pk/product/carnaval-premium-adult-chunks-in-gravy-wet-cat-food-400-grams/?attribute_pa_flavor=salmon,,[],raw,True,,,False,False
https://petsone.pk/,https://petsone.pk/product/carnaval-premium-adult-chunks-in-gravy-wet-cat-food-400-grams/?attribute_pa_flavor=salmon,Quick view,"[""nofollow""]",raw,True,,,False,False
https://petsone.pk/,https://petsone.pk/product/carnaval-premium-adult-chunks-in-gravy-wet-cat-food-400-grams/?attribute_pa_flavor=salmon,Carnaval Premium Adult Chunks In Gravy Wet Cat Food – 400 Grams – Salmon,[],raw,True,,,False,False
https://petsone.pk/,https://petsone.pk/product-category/pets-supplies/cat-supplies/cat-food/wet-food-for-cats/,Wet Food for Cats,"[""tag""]",raw,True,,,False,False
https://petsone.pk/,https://petsone.pk/brand/carnaval/,Carnaval,[],raw,True,,,False,False
https://petsone.pk/,https://petsone.pk/product/carnaval-premium-adult-chunks-in-gravy-wet-cat-food-400-grams/?attribute_pa_flavor=salmon&variation_id=3736038&add-to-cart=3514224,Add to cart,"[""nofollow""]",raw,True,,,False,False
https://petsone.pk/,https://petsone.pk/product/appetite-kitten-food-chicken/?attribute_pa_pack-size=400-gram,,[],raw,True,,,False,False
https://petsone.pk/,https://petsone.pk/product/appetite-kitten-food-chicken/?attribute_pa_pack-size=400-gram,Quick view,"[""nofollow""]",raw,True,,,False,False
https://petsone.pk/,https://petsone.pk/product/appetite-kitten-food-chicken/?attribute_pa_pack-size=400-gram,Appetite Kitten Food Chicken – 400 Gram,[],raw,True,,,False,False
https://petsone.pk/,https://petsone.pk/product-category/pets-supplies/cat-supplies/cat-food/dry-food-for-cats/,Dry Food for Cats,"[""tag""]",raw,True,,,False,False
https://petsone.pk/,https://petsone.pk/brand/appetite/,Appetite,[],raw,True,,,False,False
https://petsone.pk/,https://petsone.pk/product/appetite-kitten-food-chicken/?attribute_pa_pack-size=400-gram&variation_id=3518082&add-to-cart=3518078,Add to cart,"[""nofollow""]",raw,True,,,False,False
https://petsone.pk/,https://petsone.pk/product/carnaval-premium-adult-cat-food-with-chicken/?attribute_pa_pack-size=400-gram,,[],raw,True,,,False,False
https://petsone.pk/,https://petsone.pk/product/carnaval-premium-adult-cat-food-with-chicken/?attribute_pa_pack-size=400-gram,Quick view,"[""nofollow""]",raw,True,,,False,False
https://petsone.pk/,https://petsone.pk/product/carnaval-premium-adult-cat-food-with-chicken/?attribute_pa_pack-size=400-gram,Carnaval Premium Adult Cat Food with Chicken – 400 Gram,[],raw,True,,,False,False
https://petsone.pk/,https://petsone.pk/product-category/pets-supplies/cat-supplies/cat-food/dry-food-for-cats/,Dry Food for Cats,"[""tag""]",raw,True,,,False,False
https://petsone.pk/,https://petsone.pk/brand/carnaval/,Carnaval,[],raw,True,,,False,False
https://petsone.pk/,https://petsone.pk/product/carnaval-premium-adult-cat-food-with-chicken/?attribute_pa_pack-size=400-gram&variation_id=3517459&add-to-cart=3517454,Add to cart,"[""nofollow""]",raw,True,,,False,False
https://petsone.pk/,https://petsone.pk/product/carnaval-premium-adult-cat-food-with-gourmet/?attribute_pa_pack-size=1-5-kg,,[],raw,True,,,False,False
https://petsone.pk/,https://petsone.pk/product/carnaval-premium-adult-cat-food-with-gourmet/?attribute_pa_pack-size=1-5-kg,Quick view,"[""nofollow""]",raw,True,,,False,False
https://petsone.pk/,https://petsone.pk/product/carnaval-premium-adult-cat-food-with-gourmet/?attribute_pa_pack-size=1-5-kg,Carnaval Premium Adult Cat Food with Gourmet – 1.5 KG,[],raw,True,,,False,False
https://petsone.pk/,https://petsone.pk/product-category/pets-supplies/cat-supplies/cat-food/dry-food-for-cats/,Dry Food for Cats,"[""tag""]",raw,True,,,False,False
https://petsone.pk/,https://petsone.pk/brand/carnaval/,Carnaval,[],raw,True,,,False,False
https://petsone.pk/,https://petsone.pk/product/carnaval-premium-adult-cat-food-with-gourmet/?attribute_pa_pack-size=1-5-kg&variation_id=3517466&add-to-cart=3517462,Add to cart,"[""nofollow""]",raw,True,,,False,False
https://petsone.pk/,https://petsone.pk/product/carnaval-premium-adult-cat-food-with-lamb/?attribute_pa_pack-size=1-5-kg,,[],raw,True,,,False,False
https://petsone.pk/,https://petsone.pk/product/carnaval-premium-adult-cat-food-with-lamb/?attribute_pa_pack-size=1-5-kg,Quick view,"[""nofollow""]",raw,True,,,False,False
https://petsone.pk/,https://petsone.pk/product/carnaval-premium-adult-cat-food-with-lamb/?attribute_pa_pack-size=1-5-kg,Carnaval Premium Adult Cat Food with Lamb – 1.5 KG,[],raw,True,,,False,False
https://petsone.pk/,https://petsone.pk/product-category/pets-supplies/cat-supplies/cat-food/dry-food-for-cats/,Dry Food for Cats,"[""tag""]",raw,True,,,False,False
https://petsone.pk/,https://petsone.pk/brand/carnaval/,Carnaval,[],raw,True,,,False,False
https://petsone.pk/,https://petsone.pk/product/carnaval-premium-adult-cat-food-with-lamb/?attribute_pa_pack-size=1-5-kg&variation_id=3678853&add-to-cart=3678851,Add to cart,"[""nofollow""]",raw,True,,,False,False
https://petsone.pk/,https://petsone.pk/product/carnaval-premium-adult-chunks-in-gravy-wet-cat-food-400-grams/?attribute_pa_flavor=chicken,,[],raw,True,,,False,False
https://petsone.pk/,https://petsone.pk/product/carnaval-premium-adult-chunks-in-gravy-wet-cat-food-400-grams/?attribute_pa_flavor=chicken,Quick view,"[""nofollow""]",raw,True,,,False,False
https://petsone.pk/,https://petsone.pk/product/carnaval-premium-adult-chunks-in-gravy-wet-cat-food-400-grams/?attribute_pa_flavor=chicken,Carnaval Premium Adult Chunks In Gravy Wet Cat Food – 400 Grams – Chicken,[],raw,True,,,False,False
https://petsone.pk/,https://petsone.pk/product-category/pets-supplies/cat-supplies/cat-food/wet-food-for-cats/,Wet Food for Cats,"[""tag""]",raw,True,,,False,False
https://petsone.pk/,https://petsone.pk/brand/carnaval/,Carnaval,[],raw,True,,,False,False
https://petsone.pk/,https://petsone.pk/product/carnaval-premium-adult-chunks-in-gravy-wet-cat-food-400-grams/?attribute_pa_flavor=chicken&variation_id=3736036&add-to-cart=3514224,Add to cart,"[""nofollow""]",raw,True,,,False,False
https://petsone.pk/,https://petsone.pk/product/carnaval-premium-kitten-food-with-chicken/?attribute_pa_pack-size=1-5-kg,,[],raw,True,,,False,False
https://petsone.pk/,https://petsone.pk/product/carnaval-premium-kitten-food-with-chicken/?attribute_pa_pack-size=1-5-kg,Quick view,"[""nofollow""]",raw,True,,,False,False
https://petsone.pk/,https://petsone.pk/product/carnaval-premium-kitten-food-with-chicken/?attribute_pa_pack-size=1-5-kg,Carnaval Premium Kitten Food With Chicken – 1.5 KG,[],raw,True,,,False,False
https://petsone.pk/,https://petsone.pk/product-category/pets-supplies/cat-supplies/cat-food/dry-food-for-cats/,Dry Food for Cats,"[""tag""]",raw,True,,,False,False
https://petsone.pk/,https://petsone.pk/brand/carnaval/,Carnaval,[],raw,True,,,False,False
https://petsone.pk/,https://petsone.pk/product/carnaval-premium-kitten-food-with-chicken/?attribute_pa_pack-size=1-5-kg&variation_id=3517471&add-to-cart=3517470,Add to cart,"[""nofollow""]",raw,True,,,False,False
https://petsone.pk/,https://petsone.pk/product/carnaval-premium-kitten-food-with-chicken/?attribute_pa_pack-size=400-gram,,[],raw,True,,,False,False
https://petsone.pk/,https://petsone.pk/product/carnaval-premium-kitten-food-with-chicken/?attribute_pa_pack-size=400-gram,Quick view,"[""nofollow""]",raw,True,,,False,False
https://petsone.pk/,https://petsone.pk/product/carnaval-premium-kitten-food-with-chicken/?attribute_pa_pack-size=400-gram,Carnaval Premium Kitten Food With Chicken – 400 Gram,[],raw,True,,,False,False
https://petsone.pk/,https://petsone.pk/product-category/pets-supplies/cat-supplies/cat-food/dry-food-for-cats/,Dry Food for Cats,"[""tag""]",raw,True,,,False,False
https://petsone.pk/,https://petsone.pk/brand/carnaval/,Carnaval,[],raw,True,,,False,False
https://petsone.pk/,https://petsone.pk/product/carnaval-premium-kitten-food-with-chicken/?attribute_pa_pack-size=400-gram&variation_id=3678849&add-to-cart=3517470,Add to cart,"[""nofollow""]",raw,True,,,False,False
https://petsone.pk/,https://petsone.pk/product/appetite-kitten-food-chicken/?attribute_pa_pack-size=15-kg,,[],raw,True,,,False,False
https://petsone.pk/,https://petsone.pk/product/appetite-kitten-food-chicken/?attribute_pa_pack-size=15-kg,Quick view,"[""nofollow""]",raw,True,,,False,False
https://petsone.pk/,https://petsone.pk/product/appetite-kitten-food-chicken/?attribute_pa_pack-size=15-kg,Appetite Kitten Food Chicken – 15 KG,[],raw,True,,,False,False
https://petsone.pk/,https://petsone.pk/product-category/pets-supplies/cat-supplies/cat-food/dry-food-for-cats/,Dry Food for Cats,"[""tag""]",raw,True,,,False,False
https://petsone.pk/,https://petsone.pk/brand/appetite/,Appetite,[],raw,True,,,False,False
https://petsone.pk/,https://petsone.pk/product/appetite-kitten-food-chicken/?attribute_pa_pack-size=15-kg,OUT OF STOCK,[],raw,True,,,False,False
https://petsone.pk/,https://petsone.pk/product/carnaval-premium-adult-cat-food-with-lamb/?attribute_pa_pack-size=400-gram,,[],raw,True,,,False,False
https://petsone.pk/,https://petsone.pk/product/carnaval-premium-adult-cat-food-with-lamb/?attribute_pa_pack-size=400-gram,Quick view,"[""nofollow""]",raw,True,,,False,False
https://petsone.pk/,https://petsone.pk/product/carnaval-premium-adult-cat-food-with-lamb/?attribute_pa_pack-size=400-gram,Carnaval Premium Adult Cat Food with Lamb – 400 Gram,[],raw,True,,,False,False
https://petsone.pk/,https://petsone.pk/product-category/pets-supplies/cat-supplies/cat-food/dry-food-for-cats/,Dry Food for Cats,"[""tag""]",raw,True,,,False,False
https://petsone.pk/,https://petsone.pk/brand/carnaval/,Carnaval,[],raw,True,,,False,False
https://petsone.pk/,https://petsone.pk/product/carnaval-premium-adult-cat-food-with-lamb/?attribute_pa_pack-size=400-gram,OUT OF STOCK,[],raw,True,,,False,False
https://petsone.pk/,https://petsone.pk/product/premium-bentonite-cat-litter-levender-scent/?attribute_pa_pack-size=5-l,,[],raw,True,,,False,False
https://petsone.pk/,https://petsone.pk/product/premium-bentonite-cat-litter-levender-scent/?attribute_pa_pack-size=5-l,Quick view,"[""nofollow""]",raw,True,,,False,False
https://petsone.pk/,https://petsone.pk/product/premium-bentonite-cat-litter-levender-scent/?attribute_pa_pack-size=5-l,Premium Bentonite Cat Litter – Levender Scent – 5 L,[],raw,True,,,False,False
https://petsone.pk/,https://petsone.pk/product-category/pets-supplies/cat-supplies/cat-litter-and-waste-disposal/cat-litter/,Cat Litter,"[""tag""]",raw,True,,,False,False
https://petsone.pk/,https://petsone.pk/brand/premium-litter/,Premium Litter,[],raw,True,,,False,False
https://petsone.pk/,https://petsone.pk/product/premium-bentonite-cat-litter-levender-scent/?attribute_pa_pack-size=5-l,(0),"[""nofollow""]",raw,True,,,False,False
https://petsone.pk/,https://petsone.pk/product/premium-bentonite-cat-litter-levender-scent/?attribute_pa_pack-size=5-l&variation_id=3516775&add-to-cart=3512910,Add to cart,"[""nofollow""]",raw,True,,,False,False
https://petsone.pk/,https://petsone.pk/product/premium-bentonite-cat-litter-levender-scent/?attribute_pa_pack-size=10-l,,[],raw,True,,,False,False
https://petsone.pk/,https://petsone.pk/product/premium-bentonite-cat-litter-levender-scent/?attribute_pa_pack-size=10-l,Quick view,"[""nofollow""]",raw,True,,,False,False
https://petsone.pk/,https://petsone.pk/product/premium-bentonite-cat-litter-levender-scent/?attribute_pa_pack-size=10-l,Premium Bentonite Cat Litter – Levender Scent – 10 L,[],raw,True,,,False,False
https://petsone.pk/,https://petsone.pk/product-category/pets-supplies/cat-supplies/cat-litter-and-waste-disposal/cat-litter/,Cat Litter,"[""tag""]",raw,True,,,False,False
https://petsone.pk/,https://petsone.pk/brand/premium-litter/,Premium Litter,[],raw,True,,,False,False
https://petsone.pk/,https://petsone.pk/product/premium-bentonite-cat-litter-levender-scent/?attribute_pa_pack-size=10-l,(0),"[""nofollow""]",raw,True,,,False,False
https://petsone.pk/,https://petsone.pk/product/premium-bentonite-cat-litter-levender-scent/?attribute_pa_pack-size=10-l&variation_id=3516774&add-to-cart=3512910,Add to cart,"[""nofollow""]",raw,True,,,False,False
https://petsone.pk/,https://petsone.pk/product/premium-bentonite-cat-litter-lemon-scent/?attribute_pa_pack-size=10-l,,[],raw,True,,,False,False
https://petsone.pk/,https://petsone.pk/product/premium-bentonite-cat-litter-lemon-scent/?attribute_pa_pack-size=10-l,Quick view,"[""nofollow""]",raw,True,,,False,False
https://petsone.pk/,https://petsone.pk/product/premium-bentonite-cat-litter-lemon-scent/?attribute_pa_pack-size=10-l,Premium Bentonite Cat Litter – Lemon Scent – 10 L,[],raw,True,,,False,False
https://petsone.pk/,https://petsone.pk/product-category/pets-supplies/cat-supplies/cat-litter-and-waste-disposal/cat-litter/,Cat Litter,"[""tag""]",raw,True,,,False,False
https://petsone.pk/,https://petsone.pk/brand/premium-litter/,Premium Litter,[],raw,True,,,False,False
https://petsone.pk/,https://petsone.pk/product/premium-bentonite-cat-litter-lemon-scent/?attribute_pa_pack-size=10-l,(0),"[""nofollow""]",raw,True,,,False,False
https://petsone.pk/,https://petsone.pk/product/premium-bentonite-cat-litter-lemon-scent/?attribute_pa_pack-size=10-l&variation_id=3516787&add-to-cart=3512862,Add to cart,"[""nofollow""]",raw,True,,,False,False
https://petsone.pk/,https://petsone.pk/product/premium-bentonite-cat-litter-rose-scent/?attribute_pa_pack-size=10-l,,[],raw,True,,,False,False
https://petsone.pk/,https://petsone.pk/product/premium-bentonite-cat-litter-rose-scent/?attribute_pa_pack-size=10-l,Quick view,"[""nofollow""]",raw,True,,,False,False
https://petsone.pk/,https://petsone.pk/product/premium-bentonite-cat-litter-rose-scent/?attribute_pa_pack-size=10-l,Premium Bentonite Cat Litter – Rose Scent – 10 L,[],raw,True,,,False,False
https://petsone.pk/,https://petsone.pk/product-category/pets-supplies/cat-supplies/cat-litter-and-waste-disposal/cat-litter/,Cat Litter,"[""tag""]",raw,True,,,False,False
https://petsone.pk/,https://petsone.pk/brand/premium-litter/,Premium Litter,[],raw,True,,,False,False
https://petsone.pk/,https://petsone.pk/product/premium-bentonite-cat-litter-rose-scent/?attribute_pa_pack-size=10-l,(0),"[""nofollow""]",raw,True,,,False,False
https://petsone.pk/,https://petsone.pk/product/premium-bentonite-cat-litter-rose-scent/?attribute_pa_pack-size=10-l&variation_id=3546967&add-to-cart=3546966,Add to cart,"[""nofollow""]",raw,True,,,False,False
https://petsone.pk/,https://petsone.pk/product/premium-bentonite-cat-litter-lemon-scent/?attribute_pa_pack-size=20-l,,[],raw,True,,,False,False
https://petsone.pk/,https://petsone.pk/product/premium-bentonite-cat-litter-lemon-scent/?attribute_pa_pack-size=20-l,Quick view,"[""nofollow""]",raw,True,,,False,False
https://petsone.pk/,https://petsone.pk/product/premium-bentonite-cat-litter-lemon-scent/?attribute_pa_pack-size=20-l,Premium Bentonite Cat Litter – Lemon Scent – 20 L,[],raw,True,,,False,False
https://petsone.pk/,https://petsone.pk/product-category/pets-supplies/cat-supplies/cat-litter-and-waste-disposal/cat-litter/,Cat Litter,"[""tag""]",raw,True,,,False,False
https://petsone.pk/,https://petsone.pk/brand/premium-litter/,Premium Litter,[],raw,True,,,False,False
https://petsone.pk/,https://petsone.pk/product/premium-bentonite-cat-litter-lemon-scent/?attribute_pa_pack-size=20-l,(0),"[""nofollow""]",raw,True,,,False,False
https://petsone.pk/,https://petsone.pk/product/premium-bentonite-cat-litter-lemon-scent/?attribute_pa_pack-size=20-l&variation_id=3616065&add-to-cart=3512862,Add to cart,"[""nofollow""]",raw,True,,,False,False
https://petsone.pk/,https://petsone.pk/product/premium-bentonite-cat-litter-apple-scent/?attribute_pa_pack-size=10-l,,[],raw,True,,,False,False
https://petsone.pk/,https://petsone.pk/product/premium-bentonite-cat-litter-apple-scent/?attribute_pa_pack-size=10-l,Quick view,"[""nofollow""]",raw,True,,,False,False
https://petsone.pk/,https://petsone.pk/product/premium-bentonite-cat-litter-apple-scent/?attribute_pa_pack-size=10-l,Premium Bentonite Cat Litter – Apple Scent – 10 L,[],raw,True,,,False,False
https://petsone.pk/,https://petsone.pk/product-category/pets-supplies/cat-supplies/cat-litter-and-waste-disposal/cat-litter/,Cat Litter,"[""tag""]",raw,True,,,False,False
https://petsone.pk/,https://petsone.pk/brand/premium-litter/,Premium Litter,[],raw,True,,,False,False
https://petsone.pk/,https://petsone.pk/product/premium-bentonite-cat-litter-apple-scent/?attribute_pa_pack-size=10-l,(0),"[""nofollow""]",raw,True,,,False,False
https://petsone.pk/,https://petsone.pk/product/premium-bentonite-cat-litter-apple-scent/?attribute_pa_pack-size=10-l&variation_id=3516749&add-to-cart=3512861,Add to cart,"[""nofollow""]",raw,True,,,False,False
https://petsone.pk/,https://petsone.pk/product/premium-bentonite-cat-litter-apple-scent/?attribute_pa_pack-size=20-l,,[],raw,True,,,False,False
https://petsone.pk/,https://petsone.pk/product/premium-bentonite-cat-litter-apple-scent/?attribute_pa_pack-size=20-l,Quick view,"[""nofollow""]",raw,True,,,False,False
https://petsone.pk/,https://petsone.pk/product/premium-bentonite-cat-litter-apple-scent/?attribute_pa_pack-size=20-l,Premium Bentonite Cat Litter – Apple Scent – 20 L,[],raw,True,,,False,False
https://petsone.pk/,https://petsone.pk/product-category/pets-supplies/cat-supplies/cat-litter-and-waste-disposal/cat-litter/,Cat Litter,"[""tag""]",raw,True,,,False,False
https://petsone.pk/,https://petsone.pk/brand/premium-litter/,Premium Litter,[],raw,True,,,False,False
https://petsone.pk/,https://petsone.pk/product/premium-bentonite-cat-litter-apple-scent/?attribute_pa_pack-size=20-l,(0),"[""nofollow""]",raw,True,,,False,False
https://petsone.pk/,https://petsone.pk/product/premium-bentonite-cat-litter-apple-scent/?attribute_pa_pack-size=20-l&variation_id=3616066&add-to-cart=3512861,Add to cart,"[""nofollow""]",raw,True,,,False,False
https://petsone.pk/,https://petsone.pk/product/bundle-norvet-with-bentonite-litter-save-25/,,[],raw,True,,,False,False
https://petsone.pk/,https://petsone.pk/product/bundle-norvet-with-bentonite-litter-save-25/,Bundle: Norvet with Bentonite Litter – Save 25%,[],raw,True,,,False,False
https://petsone.pk/,https://petsone.pk/product/bundle-norvet-with-bentonite-litter-save-25/,(1),"[""nofollow""]",raw,True,,,False,False
https://petsone.pk/,https://petsone.pk/product-category/pets-supplies/,Pets Supplies,"[""tag""]",raw,True,,,False,False
https://petsone.pk/,https://petsone.pk/?add-to-cart=3521777,Add to cart,"[""nofollow""]",raw,True,,,False,False
https://petsone.pk/,https://petsone.pk/product/bundle-norvet-with-bentonite-litter-save-25/,Quick view,"[""nofollow""]",raw,True,,,False,False
https://petsone.pk/,https://petsone.pk/wholesale/reg/,Register as Wholesale Buyer,[],raw,True,,,False,False
https://petsone.pk/,https://petsone.pk/wholesale/reg/,,[],raw,True,,,False,False
https://petsone.pk/,https://petsone.pk/brand/6k/,6K,[],raw,True,,,False,False
https://petsone.pk/,https://petsone.pk/brand/allday/,allDAY,[],raw,True,,,False,False
https://petsone.pk/,https://petsone.pk/brand/alpha/,Alpha,[],raw,True,,,False,False
https://petsone.pk/,https://petsone.pk/brand/america-litter/,America Litter,[],raw,True,,,False,False
https://petsone.pk/,https://petsone.pk/brand/anko/,,[],raw,True,,,False,False
https://petsone.pk/,https://petsone.pk/brand/annsipet/,,[],raw,True,,,False,False
https://petsone.pk/,https://petsone.pk/brand/appetite/,,[],raw,True,,,False,False
https://petsone.pk/,https://petsone.pk/brand/aves/,Aves,[],raw,True,,,False,False
https://petsone.pk/,https://petsone.pk/brand/bancat/,Bancat,[],raw,True,,,False,False
https://petsone.pk/,https://petsone.pk/brand/barkies/,Barkies,[],raw,True,,,False,False
https://petsone.pk/,https://petsone.pk/brand/bavet/,Bavet,[],raw,True,,,False,False
https://petsone.pk/,https://petsone.pk/brand/be-happy-pets/,,[],raw,True,,,False,False
https://petsone.pk/,https://petsone.pk/brand/big-paw/,Big Paw,[],raw,True,,,False,False
https://petsone.pk/,https://petsone.pk/brand/bioline/,,[],raw,True,,,False,False
https://petsone.pk/,https://petsone.pk/brand/biovet/,Biovet,[],raw,True,,,False,False
https://petsone.pk/,https://petsone.pk/brand/birbo/,,[],raw,True,,,False,False
https://petsone.pk/,https://petsone.pk/brand/birdie/,Birdie,[],raw,True,,,False,False
https://petsone.pk/,https://petsone.pk/brand/blue-baffalo/,Blue Baffalo,[],raw,True,,,False,False
https://petsone.pk/,https://petsone.pk/brand/bonacibo/,,[],raw,True,,,False,False
https://petsone.pk/,https://petsone.pk/brand/bonnie/,,[],raw,True,,,False,False
https://petsone.pk/,https://petsone.pk/brand/bravecto/,Bravecto,[],raw,True,,,False,False
https://petsone.pk/,https://petsone.pk/brand/brit/,,[],raw,True,,,False,False
https://petsone.pk/,https://petsone.pk/brand/buyer/,Buyer,[],raw,True,,,False,False
https://petsone.pk/,https://petsone.pk/brand/canine/,Canine,[],raw,True,,,False,False
https://petsone.pk/,https://petsone.pk/brand/captain-meow/,Captain Meow,[],raw,True,,,False,False
https://petsone.pk/,https://petsone.pk/brand/carnaval/,,[],raw,True,,,False,False
https://petsone.pk/,https://petsone.pk/brand/cature/,,[],raw,True,,,False,False
https://petsone.pk/,https://petsone.pk/brand/celebone/,,[],raw,True,,,False,False
https://petsone.pk/,https://petsone.pk/brand/cesar/,Cesar,[],raw,True,,,False,False
https://petsone.pk/,https://petsone.pk/brand/champion/,,[],raw,True,,,False,False
https://petsone.pk/,https://petsone.pk/brand/classic-cat-uk/,Classic Cat UK,[],raw,True,,,False,False
https://petsone.pk/,https://petsone.pk/brand/cocoveda/,,[],raw,True,,,False,False
https://petsone.pk/,https://petsone.pk/brand/cool-n-clean/,,[],raw,True,,,False,False
https://petsone.pk/,https://petsone.pk/brand/croque/,,[],raw,True,,,False,False
https://petsone.pk/,https://petsone.pk/brand/crunchy/,,[],raw,True,,,False,False
https://petsone.pk/,https://petsone.pk/brand/damigo/,,[],raw,True,,,False,False
https://petsone.pk/,https://petsone.pk/brand/dele/,Dele,[],raw,True,,,False,False
https://petsone.pk/,https://petsone.pk/brand/diamond/,,[],raw,True,,,False,False
https://petsone.pk/,https://petsone.pk/brand/dibaq/,,[],raw,True,,,False,False
https://petsone.pk/,https://petsone.pk/brand/dog-care/,Dog Care,[],raw,True,,,False,False
https://petsone.pk/,https://petsone.pk/brand/doggie-kattie/,Doggie & Kattie,[],raw,True,,,False,False
https://petsone.pk/,https://petsone.pk/brand/dogo-pop/,Dogo Pop,[],raw,True,,,False,False
https://petsone.pk/,https://petsone.pk/brand/dr-clauders/,,[],raw,True,,,False,False
https://petsone.pk/,https://petsone.pk/brand/dreamies/,,[],raw,True,,,False,False
https://petsone.pk/,https://petsone.pk/brand/econature/,,[],raw,True,,,False,False
https://petsone.pk/,https://petsone.pk/brand/endi/,,[],raw,True,,,False,False
https://petsone.pk/,https://petsone.pk/brand/eterna/,Eterna,[],raw,True,,,False,False
https://petsone.pk/,https://petsone.pk/brand/faenbei/,Faenbei,[],raw,True,,,False,False
https://petsone.pk/,https://petsone.pk/brand/fancy/,,[],raw,True,,,False,False
https://petsone.pk/,https://petsone.pk/brand/farmina/,Farmina,[],raw,True,,,False,False
https://petsone.pk/,https://petsone.pk/brand/farmland/,,[],raw,True,,,False,False
https://petsone.pk/,https://petsone.pk/brand/feed-me/,,[],raw,True,,,False,False
https://petsone.pk/,https://petsone.pk/brand/felicia/,,[],raw,True,,,False,False
https://petsone.pk/,https://petsone.pk/brand/felix/,,[],raw,True,,,False,False
https://petsone.pk/,https://petsone.pk/brand/ferplast/,,[],raw,True,,,False,False
https://petsone.pk/,https://petsone.pk/brand/fidar/,,[],raw,True,,,False,False
https://petsone.pk/,https://petsone.pk/brand/floripet/,FloriPet,[],raw,True,,,False,False
https://petsone.pk/,https://petsone.pk/brand/fluff-n-buff/,,[],raw,True,,,False,False
https://petsone.pk/,https://petsone.pk/brand/fluffur/,Fluffur,[],raw,True,,,False,False
https://petsone.pk/,https://petsone.pk/brand/fluffy/,Fluffy,[],raw,True,,,False,False
https://petsone.pk/,https://petsone.pk/brand/friskies/,Friskies,[],raw,True,,,False,False
https://petsone.pk/,https://petsone.pk/brand/frolic/,,[],raw,True,,,False,False
https://petsone.pk/,https://petsone.pk/brand/furminator/,,[],raw,True,,,False,False
https://petsone.pk/,https://petsone.pk/brand/gigwi/,,[],raw,True,,,False,False
https://petsone.pk/,https://petsone.pk/brand/gino/,Gino,[],raw,True,,,False,False
https://petsone.pk/,https://petsone.pk/brand/go-cat/,,[],raw,True,,,False,False
https://petsone.pk/,https://petsone.pk/brand/goody/,,[],raw,True,,,False,False
https://petsone.pk/,https://petsone.pk/brand/gorilla-grip/,,[],raw,True,,,False,False
https://petsone.pk/,https://petsone.pk/brand/gourmet/,,[],raw,True,,,False,False
https://petsone.pk/,https://petsone.pk/brand/grace/,,[],raw,True,,,False,False
https://petsone.pk/,https://petsone.pk/brand/groove/,Groove,[],raw,True,,,False,False
https://petsone.pk/,https://petsone.pk/brand/guupy/,,[],raw,True,,,False,False
https://petsone.pk/,https://petsone.pk/brand/haisenpet/,Haisenpet,[],raw,True,,,False,False
https://petsone.pk/,https://petsone.pk/brand/happy-cat/,,[],raw,True,,,False,False
https://petsone.pk/,https://petsone.pk/brand/happy-dog/,,[],raw,True,,,False,False
https://petsone.pk/,https://petsone.pk/brand/happy-shopper/,,[],raw,True,,,False,False
https://petsone.pk/,https://petsone.pk/brand/hartz/,,[],raw,True,,,False,False
https://petsone.pk/,https://petsone.pk/brand/heartgard/,,[],raw,True,,,False,False
https://petsone.pk/,https://petsone.pk/brand/herbamaxx/,,[],raw,True,,,False,False
https://petsone.pk/,https://petsone.pk/brand/hikari/,,[],raw,True,,,False,False
https://petsone.pk/,https://petsone.pk/brand/homie/,,[],raw,True,,,False,False
https://petsone.pk/,https://petsone.pk/brand/instinct/,,[],raw,True,,,False,False
https://petsone.pk/,https://petsone.pk/brand/inter-nutri/,,[],raw,True,,,False,False
https://petsone.pk/,https://petsone.pk/brand/inukshuk/,,[],raw,True,,,False,False
https://petsone.pk/,https://petsone.pk/brand/j-scratchers/,,[],raw,True,,,False,False
https://petsone.pk/,https://petsone.pk/brand/johnson/,,[],raw,True,,,False,False
https://petsone.pk/,https://petsone.pk/brand/josera/,,[],raw,True,,,False,False
https://petsone.pk/,https://petsone.pk/brand/jungle/,,[],raw,True,,,False,False
https://petsone.pk/,https://petsone.pk/brand/kedi-o/,Kedi-O,[],raw,True,,,False,False
https://petsone.pk/,https://petsone.pk/brand/kemei/,,[],raw,True,,,False,False
https://petsone.pk/,https://petsone.pk/brand/kibbles-n-bits/,,[],raw,True,,,False,False
https://petsone.pk/,https://petsone.pk/brand/klumpy/,,[],raw,True,,,False,False
https://petsone.pk/,https://petsone.pk/brand/langshi/,Langshi,[],raw,True,,,False,False
https://petsone.pk/,https://petsone.pk/brand/lonkeen/,,[],raw,True,,,False,False
https://petsone.pk/,https://petsone.pk/brand/loveabowl/,,[],raw,True,,,False,False
https://petsone.pk/,https://petsone.pk/brand/ma-leashes/,,[],raw,True,,,False,False
https://petsone.pk/,https://petsone.pk/brand/mano/,Mano,[],raw,True,,,False,False
https://petsone.pk/,https://petsone.pk/brand/maw-paw/,Maw & Paw,[],raw,True,,,False,False
https://petsone.pk/,https://petsone.pk/brand/maximate/,,[],raw,True,,,False,False
https://petsone.pk/,https://petsone.pk/brand/maybel/,,[],raw,True,,,False,False
https://petsone.pk/,https://petsone.pk/brand/me-o/,,[],raw,True,,,False,False
https://petsone.pk/,https://petsone.pk/brand/meaoon/,,[],raw,True,,,False,False
https://petsone.pk/,https://petsone.pk/brand/meow-fresh/,,[],raw,True,,,False,False
https://petsone.pk/,https://petsone.pk/brand/meow-mix/,,[],raw,True,,,False,False
https://petsone.pk/,https://petsone.pk/brand/mera/,,[],raw,True,,,False,False
https://petsone.pk/,https://petsone.pk/brand/milo/,,[],raw,True,,,False,False
https://petsone.pk/,https://petsone.pk/brand/mito/,Mito,[],raw,True,,,False,False
https://petsone.pk/,https://petsone.pk/brand/moggy/,,[],raw,True,,,False,False
https://petsone.pk/,https://petsone.pk/brand/monello/,,[],raw,True,,,False,False
https://petsone.pk/,https://petsone.pk/brand/mopsion/,Mopsion,[],raw,True,,,False,False
https://petsone.pk/,https://petsone.pk/brand/mr-pet/,,[],raw,True,,,False,False
https://petsone.pk/,https://petsone.pk/brand/mr-pet-imported/,Mr Pet (Imported),[],raw,True,,,False,False
https://petsone.pk/,https://petsone.pk/brand/my-katty/,,[],raw,True,,,False,False
https://petsone.pk/,https://petsone.pk/brand/mystic/,,[],raw,True,,,False,False
https://petsone.pk/,https://petsone.pk/brand/natural-balance/,,[],raw,True,,,False,False
https://petsone.pk/,https://petsone.pk/brand/nature-bridge/,,[],raw,True,,,False,False
https://petsone.pk/,https://petsone.pk/brand/nature-plan/,,[],raw,True,,,False,False
https://petsone.pk/,https://petsone.pk/brand/naturo/,Naturo,[],raw,True,,,False,False
https://petsone.pk/,https://petsone.pk/brand/nicky/,,[],raw,True,,,False,False
https://petsone.pk/,https://petsone.pk/brand/north-paw/,,[],raw,True,,,False,False
https://petsone.pk/,https://petsone.pk/brand/nourvet/,Nourvet,[],raw,True,,,False,False
https://petsone.pk/,https://petsone.pk/brand/nunbell/,,[],raw,True,,,False,False
https://petsone.pk/,https://petsone.pk/brand/nutragold/,NutraGold,[],raw,True,,,False,False
https://petsone.pk/,https://petsone.pk/brand/nutri-paws/,,[],raw,True,,,False,False
https://petsone.pk/,https://petsone.pk/brand/nutrican/,,[],raw,True,,,False,False
https://petsone.pk/,https://petsone.pk/brand/okiko/,,[],raw,True,,,False,False
https://petsone.pk/,https://petsone.pk/brand/optimum/,,[],raw,True,,,False,False
https://petsone.pk/,https://petsone.pk/brand/over-zoo/,,[],raw,True,,,False,False
https://petsone.pk/,https://petsone.pk/brand/pai-pai/,Pai Pai,[],raw,True,,,False,False
https://petsone.pk/,https://petsone.pk/brand/paider/,PAIDER,[],raw,True,,,False,False
https://petsone.pk/,https://petsone.pk/brand/panacur/,,[],raw,True,,,False,False
https://petsone.pk/,https://petsone.pk/brand/paw-and-tail/,Paw And Tail,[],raw,True,,,False,False
https://petsone.pk/,https://petsone.pk/brand/paw-comfort/,,[],raw,True,,,False,False
https://petsone.pk/,https://petsone.pk/brand/paw-paw/,Paw Paw,[],raw,True,,,False,False
https://petsone.pk/,https://petsone.pk/brand/pawfect/,,[],raw,True,,,False,False
https://petsone.pk/,https://petsone.pk/brand/pawline/,Pawline,[],raw,True,,,False,False
https://petsone.pk/,https://petsone.pk/brand/pawnee/,Pawnee,[],raw,True,,,False,False
https://petsone.pk/,https://petsone.pk/brand/pawz/,,[],raw,True,,,False,False
https://petsone.pk/,https://petsone.pk/brand/pedigree/,,[],raw,True,,,False,False
https://petsone.pk/,https://petsone.pk/brand/perfect/,Perfect,[],raw,True,,,False,False
https://petsone.pk/,https://petsone.pk/brand/perssa/,,[],raw,True,,,False,False
https://petsone.pk/,https://petsone.pk/brand/pet-cool/,,[],raw,True,,,False,False
https://petsone.pk/,https://petsone.pk/brand/pet-lovers/,,[],raw,True,,,False,False
https://petsone.pk/,https://petsone.pk/brand/pet-metro/,Pet Metro,[],raw,True,,,False,False
https://petsone.pk/,https://petsone.pk/brand/pets-mommy/,,[],raw,True,,,False,False
https://petsone.pk/,https://petsone.pk/brand/pet-nosh/,,[],raw,True,,,False,False
https://petsone.pk/,https://petsone.pk/brand/pet-snack/,Pet Snack,[],raw,True,,,False,False
https://petsone.pk/,https://petsone.pk/brand/petideal/,,[],raw,True,,,False,False
https://petsone.pk/,https://petsone.pk/brand/petline/,,[],raw,True,,,False,False
https://petsone.pk/,https://petsone.pk/brand/petsgo2/,,[],raw,True,,,False,False
https://petsone.pk/,https://petsone.pk/brand/petso/,,[],raw,True,,,False,False
https://petsone.pk/,https://petsone.pk/brand/petsonepk/,,[],raw,True,,,False,False
https://petsone.pk/,https://petsone.pk/brand/petx/,,[],raw,True,,,False,False
https://petsone.pk/,https://petsone.pk/brand/pick-pure/,Pick Pure,[],raw,True,,,False,False
https://petsone.pk/,https://petsone.pk/brand/pinkpawpal/,PinkPawPal,[],raw,True,,,False,False
https://petsone.pk/,https://petsone.pk/brand/praferan/,Praferan,[],raw,True,,,False,False
https://petsone.pk/,https://petsone.pk/brand/premium-litter/,,[],raw,True,,,False,False
https://petsone.pk/,https://petsone.pk/brand/prime/,Prime,[],raw,True,,,False,False
https://petsone.pk/,https://petsone.pk/brand/procan/,,[],raw,True,,,False,False
https://petsone.pk/,https://petsone.pk/brand/prochoice/,,[],raw,True,,,False,False
https://petsone.pk/,https://petsone.pk/brand/proline/,,[],raw,True,,,False,False
https://petsone.pk/,https://petsone.pk/brand/pronature/,,[],raw,True,,,False,False
https://petsone.pk/,https://petsone.pk/brand/proseries/,,[],raw,True,,,False,False
https://petsone.pk/,https://petsone.pk/brand/prostar/,ProStar,[],raw,True,,,False,False
https://petsone.pk/,https://petsone.pk/brand/purelove/,,[],raw,True,,,False,False
https://petsone.pk/,https://petsone.pk/brand/purina/,,[],raw,True,,,False,False
https://petsone.pk/,https://petsone.pk/brand/purrs/,Purrs,[],raw,True,,,False,False
https://petsone.pk/,https://petsone.pk/brand/ranova/,Ranova,[],raw,True,,,False,False
https://petsone.pk/,https://petsone.pk/brand/realtree/,,[],raw,True,,,False,False
https://petsone.pk/,https://petsone.pk/brand/reflex/,,[],raw,True,,,False,False
https://petsone.pk/,https://petsone.pk/brand/remu/,,[],raw,True,,,False,False
https://petsone.pk/,https://petsone.pk/brand/rexy/,,[],raw,True,,,False,False
https://petsone.pk/,https://petsone.pk/brand/royal-canin/,,[],raw,True,,,False,False
https://petsone.pk/,https://petsone.pk/brand/royal-gold/,Royal Gold,[],raw,True,,,False,False
https://petsone.pk/,https://petsone.pk/brand/royalist/,,[],raw,True,,,False,False
https://petsone.pk/,https://petsone.pk/brand/sarar/,SARAR,[],raw,True,,,False,False
https://petsone.pk/,https://petsone.pk/brand/sheba/,,[],raw,True,,,False,False
https://petsone.pk/,https://petsone.pk/brand/sigma/,Sigma,[],raw,True,,,False,False
https://petsone.pk/,https://petsone.pk/brand/smartheart/,,[],raw,True,,,False,False
https://petsone.pk/,https://petsone.pk/brand/supa-paws/,,[],raw,True,,,False,False
https://petsone.pk/,https://petsone.pk/brand/t-farms/,,[],raw,True,,,False,False
https://petsone.pk/,https://petsone.pk/brand/taste-of-the-wild/,,[],raw,True,,,False,False
https://petsone.pk/,https://petsone.pk/brand/tiger-pet/,Tiger Pet,[],raw,True,,,False,False
https://petsone.pk/,https://petsone.pk/brand/topline/,Topline,[],raw,True,,,False,False
https://petsone.pk/,https://petsone.pk/brand/trixie/,,[],raw,True,,,False,False
https://petsone.pk/,https://petsone.pk/brand/true-nature/,,[],raw,True,,,False,False
https://petsone.pk/,https://petsone.pk/brand/tuarna/,,[],raw,True,,,False,False
https://petsone.pk/,https://petsone.pk/brand/vegebrand/,VegeBrand,[],raw,True,,,False,False
https://petsone.pk/,https://petsone.pk/brand/veta-farm/,,[],raw,True,,,False,False
https://petsone.pk/,https://petsone.pk/brand/vittamaxx/,,[],raw,True,,,False,False
https://petsone.pk/,https://petsone.pk/brand/wagg/,,[],raw,True,,,False,False
https://petsone.pk/,https://petsone.pk/brand/waggles/,,[],raw,True,,,False,False
https://petsone.pk/,https://petsone.pk/brand/wainwrights/,,[],raw,True,,,False,False
https://petsone.pk/,https://petsone.pk/brand/wanpy/,,[],raw,True,,,False,False
https://petsone.pk/,https://petsone.pk/brand/webbox/,Webbox,[],raw,True,,,False,False
https://petsone.pk/,https://petsone.pk/brand/whiskas/,,[],raw,True,,,False,False
https://petsone.pk/,https://petsone.pk/brand/whiskit/,Whiskit,[],raw,True,,,False,False
https://petsone.pk/,https://petsone.pk/brand/wiggles-wags/,,[],raw,True,,,False,False
https://petsone.pk/,https://petsone.pk/brand/wimow/,Wimow,[],raw,True,,,False,False
https://petsone.pk/,https://petsone.pk/brand/wonder-cat/,,[],raw,True,,,False,False
https://petsone.pk/,https://petsone.pk/brand/zimbo/,Zimbo,[],raw,True,,,False,False
https://petsone.pk/,https://petsone.pk/brand/zoofari/,Zoofari,[],raw,True,,,False,False
https://petsone.pk/,https://petsone.pk/category/dog/dog-food/,Dog Food,"[""category"", ""tag""]",raw,True,,,False,False
https://petsone.pk/,https://petsone.pk/best-dog-food-in-pakistan-2026/,Best Dog Food in Pakistan (2026) — Complete Brand Guide with Prices,"[""bookmark""]",raw,True,,,False,False
https://petsone.pk/,https://petsone.pk/best-dog-food-in-pakistan-2026/,Continue reading,[],raw,True,,,False,False
https://petsone.pk/,https://petsone.pk/category/cat-food-reviews/,Cat Food Reviews,"[""category"", ""tag""]",raw,True,,,False,False
https://petsone.pk/,https://petsone.pk/whiskas-cat-food-price-in-pakistan-what-to-know/,Whiskas Cat Food Price in Pakistan: What to Know,"[""bookmark""]",raw,True,,,False,False
https://petsone.pk/,https://petsone.pk/whiskas-cat-food-price-in-pakistan-what-to-know/,Continue reading,[],raw,True,,,False,False
https://petsone.pk/,https://petsone.pk/category/uncategorized/,Uncategorized,"[""category"", ""tag""]",raw,True,,,False,False
https://petsone.pk/,https://petsone.pk/why-procan-dog-food-is-the-best-choice-for-your-pets-health/,Why Procan Dog Food Is the Best Choice for Your Pet’s Health?,"[""bookmark""]",raw,True,,,False,False
https://petsone.pk/,https://petsone.pk/why-procan-dog-food-is-the-best-choice-for-your-pets-health/,Continue reading,[],raw,True,,,False,False
https://petsone.pk/,https://petsone.pk/ways-you-can-help-rescue-animals/,,[],raw,True,,,False,False
https://petsone.pk/,https://petsone.pk/category/care-health/,Care & Health,"[""category"", ""tag""]",raw,True,,,False,False
https://petsone.pk/,https://petsone.pk/category/general/,General,"[""category"", ""tag""]",raw,True,,,False,False
https://petsone.pk/,https://petsone.pk/ways-you-can-help-rescue-animals/,Ways You Can Help Rescue Animals,"[""bookmark""]",raw,True,,,False,False
https://petsone.pk/,https://petsone.pk/ways-you-can-help-rescue-animals/,Continue reading,[],raw,True,,,False,False
https://petsone.pk/,https://petsone.pk/understanding-toxoplasmosis/,,[],raw,True,,,False,False
https://petsone.pk/,https://petsone.pk/category/care-health/,Care & Health,"[""category"", ""tag""]",raw,True,,,False,False
https://petsone.pk/,https://petsone.pk/understanding-toxoplasmosis/,Understanding Toxoplasmosis,"[""bookmark""]",raw,True,,,False,False
https://petsone.pk/,https://petsone.pk/understanding-toxoplasmosis/,Continue reading,[],raw,True,,,False,False
https://petsone.pk/,https://petsone.pk/,PetsOne.pk,[],raw,True,200,,False,True
https://petsone.pk/,https://petsone.pk/,,[],raw,True,200,,False,True
https://petsone.pk/,https://wa.me/923477387387,Click to WhatsApp,[],raw,False,,,False,False
https://petsone.pk/,https://petsone.pk/,,"[""nofollow""]",raw,True,200,,False,True
https://petsone.pk/,https://petsone.pk/,,"[""nofollow""]",raw,True,200,,False,True
https://petsone.pk/,https://petsone.pk/vet-clinic-lahore/,Our Clinics & Outlets,[],raw,True,,,False,False
https://petsone.pk/,https://petsone.pk/shop/,Shop,[],raw,True,,,False,False
https://petsone.pk/,https://petsone.pk/shop/?orderby=date,New Arrivals,[],raw,True,,,False,False
https://petsone.pk/,https://petsone.pk/shop/?orderby=trending,Best Sellers,[],raw,True,,,False,False
https://petsone.pk/,https://petsone.pk/product-category/pets-supplies/cat-supplies/,Cat Supplies,[],raw,True,,,False,False
https://petsone.pk/,https://petsone.pk/product-category/pets-supplies/cat-supplies/cat-food/,Cat Food,[],raw,True,,,False,False
https://petsone.pk/,https://petsone.pk/product-category/pets-supplies/cat-supplies/cat-food-bowls-and-feeders/,Cat Food Bowls and Feeders,[],raw,True,,,False,False
https://petsone.pk/,https://petsone.pk/product-category/pets-supplies/cat-supplies/cat-litter-and-waste-disposal/,Cat Litter and Waste Disposal,[],raw,True,,,False,False
https://petsone.pk/,https://petsone.pk/product-category/pets-supplies/cat-supplies/cat-toys/,Cat Toys,[],raw,True,,,False,False
https://petsone.pk/,https://petsone.pk/product-category/pets-supplies/cat-supplies/cat-treats/,Cat Treats,[],raw,True,,,False,False
https://petsone.pk/,https://petsone.pk/product-category/pets-supplies/cat-supplies/cat-beds-matts-and-houses/,"Cat Beds, Matts And Houses",[],raw,True,,,False,False
https://petsone.pk/,https://petsone.pk/product-category/pets-supplies/cat-supplies/cat-cages-baskets-crates-doors/,Cat Cages/Baskets/Crates/Doors,[],raw,True,,,False,False
https://petsone.pk/,https://petsone.pk/product-category/pets-supplies/cat-supplies/cat-clothing-shoes-accessories-pet-clothes/,Cat Clothing Shoes Accessories – Pet Clothes,[],raw,True,,,False,False
https://petsone.pk/,https://petsone.pk/product-category/pets-supplies/cat-supplies/cat-collars-leashes-and-harness/,"Cat Collars, Leashes And Harness",[],raw,True,,,False,False
https://petsone.pk/,https://petsone.pk/product-category/pets-supplies/dog-supplies/,Dog Supplies,[],raw,True,,,False,False
https://petsone.pk/,https://petsone.pk/product-category/pets-supplies/dog-supplies/dog-food/,Dog Food,[],raw,True,,,False,False
https://petsone.pk/,https://petsone.pk/product-category/pets-supplies/dog-supplies/dog-collar-harness-leashes/,"Dog Collar, Harness & Leashes",[],raw,True,,,False,False
https://petsone.pk/,https://petsone.pk/product-category/pets-supplies/dog-supplies/dog-food-bowls-and-dispenser/,Dog Food Bowls And Dispenser,[],raw,True,,,False,False
https://petsone.pk/,https://petsone.pk/product-category/pets-supplies/dog-supplies/dog-carriers-and-jet-boxes/,Dog Jet Boxes and Carriers,[],raw,True,,,False,False
https://petsone.pk/,https://petsone.pk/product-category/pets-supplies/dog-supplies/dog-grooming-supplies/,Dog Grooming Supplies,[],raw,True,,,False,False
https://petsone.pk/,https://petsone.pk/product-category/pets-supplies/dog-supplies/dog-grooming-supplies/dog-shampoo/,Dog Shampoo,[],raw,True,,,False,False
https://petsone.pk/,https://petsone.pk/product-category/pets-supplies/dog-supplies/dog-grooming-supplies/dog-fur-care-products/,Dog Fur Care Products,[],raw,True,,,False,False
https://petsone.pk/,https://petsone.pk/product-category/pets-supplies/dog-supplies/dog-clothing-pet-clothes/,Dog Clothing – Pet Clothes,[],raw,True,,,False,False
https://petsone.pk/,https://petsone.pk/product-category/pets-supplies/dog-supplies/dog-grooming-supplies/dog-combs-and-brushes/,Dog Combs and Brushes,[],raw,True,,,False,False
https://petsone.pk/,https://petsone.pk/product-category/pets-supplies/birds/,Bird Supplies,[],raw,True,,,False,False
https://petsone.pk/,https://petsone.pk/product-category/pets-supplies/pets-pharmacy/,Pets Pharmacy,[],raw,True,,,False,False
https://petsone.pk/,https://petsone.pk/vet-clinic-lahore/,Vet Clinic,[],raw,True,,,False,False
https://petsone.pk/,https://petsone.pk/track-order/,Track Your Order,[],raw,True,,,False,False
https://petsone.pk/,https://petsone.pk/,Close,"[""nofollow""]",raw,True,200,,False,True
https://petsone.pk/,https://petsone.pk/vet-clinic-lahore/,Our Clinics & Outlets,[],raw,True,,,False,False
https://petsone.pk/,https://petsone.pk/shop/,Shop,[],raw,True,,,False,False
https://petsone.pk/,https://petsone.pk/shop/?orderby=date,New Arrivals,[],raw,True,,,False,False
https://petsone.pk/,https://petsone.pk/shop/?orderby=trending,Best Sellers,[],raw,True,,,False,False
https://petsone.pk/,https://petsone.pk/product-category/pets-supplies/cat-supplies/,Cat Supplies,[],raw,True,,,False,False
https://petsone.pk/,https://petsone.pk/product-category/pets-supplies/cat-supplies/cat-food/,Cat Food,[],raw,True,,,False,False
https://petsone.pk/,https://petsone.pk/product-category/pets-supplies/cat-supplies/cat-food-bowls-and-feeders/,Cat Food Bowls and Feeders,[],raw,True,,,False,False
https://petsone.pk/,https://petsone.pk/product-category/pets-supplies/cat-supplies/cat-litter-and-waste-disposal/,Cat Litter and Waste Disposal,[],raw,True,,,False,False
https://petsone.pk/,https://petsone.pk/product-category/pets-supplies/cat-supplies/cat-toys/,Cat Toys,[],raw,True,,,False,False
https://petsone.pk/,https://petsone.pk/product-category/pets-supplies/cat-supplies/cat-treats/,Cat Treats,[],raw,True,,,False,False
https://petsone.pk/,https://petsone.pk/product-category/pets-supplies/cat-supplies/cat-beds-matts-and-houses/,"Cat Beds, Matts And Houses",[],raw,True,,,False,False
https://petsone.pk/,https://petsone.pk/product-category/pets-supplies/cat-supplies/cat-cages-baskets-crates-doors/,Cat Cages/Baskets/Crates/Doors,[],raw,True,,,False,False
https://petsone.pk/,https://petsone.pk/product-category/pets-supplies/cat-supplies/cat-clothing-shoes-accessories-pet-clothes/,Cat Clothing Shoes Accessories – Pet Clothes,[],raw,True,,,False,False
https://petsone.pk/,https://petsone.pk/product-category/pets-supplies/cat-supplies/cat-collars-leashes-and-harness/,"Cat Collars, Leashes And Harness",[],raw,True,,,False,False
https://petsone.pk/,https://petsone.pk/product-category/pets-supplies/dog-supplies/,Dog Supplies,[],raw,True,,,False,False
https://petsone.pk/,https://petsone.pk/product-category/pets-supplies/dog-supplies/dog-food/,Dog Food,[],raw,True,,,False,False
https://petsone.pk/,https://petsone.pk/product-category/pets-supplies/dog-supplies/dog-collar-harness-leashes/,"Dog Collar, Harness & Leashes",[],raw,True,,,False,False
https://petsone.pk/,https://petsone.pk/product-category/pets-supplies/dog-supplies/dog-food-bowls-and-dispenser/,Dog Food Bowls And Dispenser,[],raw,True,,,False,False
https://petsone.pk/,https://petsone.pk/product-category/pets-supplies/dog-supplies/dog-carriers-and-jet-boxes/,Dog Jet Boxes and Carriers,[],raw,True,,,False,False
https://petsone.pk/,https://petsone.pk/product-category/pets-supplies/dog-supplies/dog-grooming-supplies/,Dog Grooming Supplies,[],raw,True,,,False,False
https://petsone.pk/,https://petsone.pk/product-category/pets-supplies/dog-supplies/dog-grooming-supplies/dog-shampoo/,Dog Shampoo,[],raw,True,,,False,False
https://petsone.pk/,https://petsone.pk/product-category/pets-supplies/dog-supplies/dog-grooming-supplies/dog-fur-care-products/,Dog Fur Care Products,[],raw,True,,,False,False
https://petsone.pk/,https://petsone.pk/product-category/pets-supplies/dog-supplies/dog-clothing-pet-clothes/,Dog Clothing – Pet Clothes,[],raw,True,,,False,False
https://petsone.pk/,https://petsone.pk/product-category/pets-supplies/dog-supplies/dog-grooming-supplies/dog-combs-and-brushes/,Dog Combs and Brushes,[],raw,True,,,False,False
https://petsone.pk/,https://petsone.pk/product-category/pets-supplies/birds/,Bird Supplies,[],raw,True,,,False,False
https://petsone.pk/,https://petsone.pk/product-category/pets-supplies/pets-pharmacy/,Pets Pharmacy,[],raw,True,,,False,False
https://petsone.pk/,https://petsone.pk/vet-clinic-lahore/,Vet Clinic,[],raw,True,,,False,False
https://petsone.pk/,https://petsone.pk/track-order/,Track Your Order,[],raw,True,,,False,False
https://petsone.pk/,https://petsone.pk/,Close,"[""nofollow""]",raw,True,200,,False,True
https://petsone.pk/,https://petsone.pk/,,[],raw,True,200,,False,True
https://petsone.pk/,https://petsone.pk/,,[],raw,True,200,,False,True
https://petsone.pk/,https://petsone.pk/,,[],raw,True,200,,False,True
https://petsone.pk/,https://petsone.pk/,,[],raw,True,200,,False,True
